x-axis,1
second,Volt
+1.3596000E+00,+98.7500E-03
+1.3597000E+00,+98.7500E-03
+1.3598000E+00,+101.8750E-03
+1.3599000E+00,+101.8750E-03
+1.3600000E+00,+101.8750E-03
+1.3601000E+00,+108.1250E-03
+1.3602000E+00,+95.6250E-03
+1.3603000E+00,+108.1250E-03
+1.3604000E+00,+114.3750E-03
+1.3605000E+00,+117.5000E-03
+1.3606000E+00,+111.2500E-03
+1.3607000E+00,+117.5000E-03
+1.3608000E+00,+130.0000E-03
+1.3609000E+00,+130.0000E-03
+1.3610000E+00,+126.8750E-03
+1.3611000E+00,+126.8750E-03
+1.3612000E+00,+136.2500E-03
+1.3613000E+00,+130.0000E-03
+1.3614000E+00,+133.1250E-03
+1.3615000E+00,+142.5000E-03
+1.3616000E+00,+136.2500E-03
+1.3617000E+00,+136.2500E-03
+1.3618000E+00,+145.6250E-03
+1.3619000E+00,+139.3750E-03
+1.3620000E+00,+142.5000E-03
+1.3621000E+00,+158.1250E-03
+1.3622000E+00,+148.7500E-03
+1.3623000E+00,+133.1250E-03
+1.3624000E+00,+145.6250E-03
+1.3625000E+00,+139.3750E-03
+1.3626000E+00,+151.8750E-03
+1.3627000E+00,+158.1250E-03
+1.3628000E+00,+155.0000E-03
+1.3629000E+00,+151.8750E-03
+1.3630000E+00,+158.1250E-03
+1.3631000E+00,+155.0000E-03
+1.3632000E+00,+167.5000E-03
+1.3633000E+00,+167.5000E-03
+1.3634000E+00,+180.0000E-03
+1.3635000E+00,+195.6250E-03
+1.3636000E+00,+208.1250E-03
+1.3637000E+00,+211.2500E-03
+1.3638000E+00,+236.2500E-03
+1.3639000E+00,+242.5000E-03
+1.3640000E+00,+264.3750E-03
+1.3641000E+00,+276.8750E-03
+1.3642000E+00,+280.0000E-03
+1.3643000E+00,+298.7500E-03
+1.3644000E+00,+305.0000E-03
+1.3645000E+00,+323.7500E-03
+1.3646000E+00,+345.6250E-03
+1.3647000E+00,+348.7500E-03
+1.3648000E+00,+345.6250E-03
+1.3649000E+00,+367.5000E-03
+1.3650000E+00,+373.7500E-03
+1.3651000E+00,+373.7500E-03
+1.3652000E+00,+383.1250E-03
+1.3653000E+00,+389.3750E-03
+1.3654000E+00,+405.0000E-03
+1.3655000E+00,+389.3750E-03
+1.3656000E+00,+401.8750E-03
+1.3657000E+00,+411.2500E-03
+1.3658000E+00,+411.2500E-03
+1.3659000E+00,+417.5000E-03
+1.3660000E+00,+423.7500E-03
+1.3661000E+00,+420.6250E-03
+1.3662000E+00,+414.3750E-03
+1.3663000E+00,+26.8750E-03
+1.3664000E+00,+26.8750E-03
+1.3665000E+00,+73.7500E-03
+1.3666000E+00,+23.7500E-03
+1.3667000E+00,+33.1250E-03
+1.3668000E+00,+30.0000E-03
+1.3669000E+00,+23.7500E-03
+1.3670000E+00,+33.1250E-03
+1.3671000E+00,+39.3750E-03
+1.3672000E+00,+48.7500E-03
+1.3673000E+00,+67.5000E-03
+1.3674000E+00,+120.6250E-03
+1.3675000E+00,+167.5000E-03
+1.3676000E+00,+214.3750E-03
+1.3677000E+00,+264.3750E-03
+1.3678000E+00,+308.1250E-03
+1.3679000E+00,+351.8750E-03
+1.3680000E+00,+376.8750E-03
+1.3681000E+00,+405.0000E-03
+1.3682000E+00,+423.7500E-03
+1.3683000E+00,+33.1250E-03
+1.3684000E+00,+30.0000E-03
+1.3685000E+00,+26.8750E-03
+1.3686000E+00,+51.8750E-03
+1.3687000E+00,+30.0000E-03
+1.3688000E+00,+26.8750E-03
+1.3689000E+00,+26.8750E-03
+1.3690000E+00,+33.1250E-03
+1.3691000E+00,+45.6250E-03
+1.3692000E+00,+58.1250E-03
+1.3693000E+00,+83.1250E-03
+1.3694000E+00,+114.3750E-03
+1.3695000E+00,+142.5000E-03
+1.3696000E+00,+170.6250E-03
+1.3697000E+00,+211.2500E-03
+1.3698000E+00,+242.5000E-03
+1.3699000E+00,+276.8750E-03
+1.3700000E+00,+298.7500E-03
+1.3701000E+00,+333.1250E-03
+1.3702000E+00,+355.0000E-03
+1.3703000E+00,+389.3750E-03
+1.3704000E+00,+395.6250E-03
+1.3705000E+00,+411.2500E-03
+1.3706000E+00,+426.8750E-03
+1.3707000E+00,+26.8750E-03
+1.3708000E+00,+33.1250E-03
+1.3709000E+00,+30.0000E-03
+1.3710000E+00,+20.6250E-03
+1.3711000E+00,+26.8750E-03
+1.3712000E+00,+33.1250E-03
+1.3713000E+00,+26.8750E-03
+1.3714000E+00,+36.2500E-03
+1.3715000E+00,+42.5000E-03
+1.3716000E+00,+83.1250E-03
+1.3717000E+00,+136.2500E-03
+1.3718000E+00,+148.7500E-03
+1.3719000E+00,+192.5000E-03
+1.3720000E+00,+239.3750E-03
+1.3721000E+00,+276.8750E-03
+1.3722000E+00,+320.6250E-03
+1.3723000E+00,+355.0000E-03
+1.3724000E+00,+376.8750E-03
+1.3725000E+00,+398.7500E-03
+1.3726000E+00,+423.7500E-03
+1.3727000E+00,+430.0000E-03
+1.3728000E+00,+17.5000E-03
+1.3729000E+00,+26.8750E-03
+1.3730000E+00,+26.8750E-03
+1.3731000E+00,+26.8750E-03
+1.3732000E+00,+39.3750E-03
+1.3733000E+00,+39.3750E-03
+1.3734000E+00,+26.8750E-03
+1.3735000E+00,+30.0000E-03
+1.3736000E+00,+45.6250E-03
+1.3737000E+00,+67.5000E-03
+1.3738000E+00,+89.3750E-03
+1.3739000E+00,+105.0000E-03
+1.3740000E+00,+133.1250E-03
+1.3741000E+00,+155.0000E-03
+1.3742000E+00,+176.8750E-03
+1.3743000E+00,+205.0000E-03
+1.3744000E+00,+233.1250E-03
+1.3745000E+00,+261.2500E-03
+1.3746000E+00,+280.0000E-03
+1.3747000E+00,+305.0000E-03
+1.3748000E+00,+330.0000E-03
+1.3749000E+00,+351.8750E-03
+1.3750000E+00,+367.5000E-03
+1.3751000E+00,+383.1250E-03
+1.3752000E+00,+395.6250E-03
+1.3753000E+00,+401.8750E-03
+1.3754000E+00,+414.3750E-03
+1.3755000E+00,+426.8750E-03
+1.3756000E+00,+426.8750E-03
+1.3757000E+00,+26.8750E-03
+1.3758000E+00,+33.1250E-03
+1.3759000E+00,+26.8750E-03
+1.3760000E+00,+33.1250E-03
+1.3761000E+00,+30.0000E-03
+1.3762000E+00,+26.8750E-03
+1.3763000E+00,+36.2500E-03
+1.3764000E+00,+36.2500E-03
+1.3765000E+00,+45.6250E-03
+1.3766000E+00,+70.6250E-03
+1.3767000E+00,+101.8750E-03
+1.3768000E+00,+130.0000E-03
+1.3769000E+00,+176.8750E-03
+1.3770000E+00,+217.5000E-03
+1.3771000E+00,+255.0000E-03
+1.3772000E+00,+283.1250E-03
+1.3773000E+00,+317.5000E-03
+1.3774000E+00,+348.7500E-03
+1.3775000E+00,+376.8750E-03
+1.3776000E+00,+395.6250E-03
+1.3777000E+00,+408.1250E-03
+1.3778000E+00,+414.3750E-03
+1.3779000E+00,+36.2500E-03
+1.3780000E+00,+36.2500E-03
+1.3781000E+00,+23.7500E-03
+1.3782000E+00,+36.2500E-03
+1.3783000E+00,+30.0000E-03
+1.3784000E+00,+30.0000E-03
+1.3785000E+00,+36.2500E-03
+1.3786000E+00,+26.8750E-03
+1.3787000E+00,+36.2500E-03
+1.3788000E+00,+42.5000E-03
+1.3789000E+00,+58.1250E-03
+1.3790000E+00,+73.7500E-03
+1.3791000E+00,+89.3750E-03
+1.3792000E+00,+98.7500E-03
+1.3793000E+00,+136.2500E-03
+1.3794000E+00,+167.5000E-03
+1.3795000E+00,+205.0000E-03
+1.3796000E+00,+248.7500E-03
+1.3797000E+00,+301.8750E-03
+1.3798000E+00,+336.2500E-03
+1.3799000E+00,+370.6250E-03
+1.3800000E+00,+408.1250E-03
+1.3801000E+00,+408.1250E-03
+1.3802000E+00,+430.0000E-03
+1.3803000E+00,+26.8750E-03
+1.3804000E+00,+33.1250E-03
+1.3805000E+00,+33.1250E-03
+1.3806000E+00,+33.1250E-03
+1.3807000E+00,+33.1250E-03
+1.3808000E+00,+33.1250E-03
+1.3809000E+00,+23.7500E-03
+1.3810000E+00,+33.1250E-03
+1.3811000E+00,+58.1250E-03
+1.3812000E+00,+58.1250E-03
+1.3813000E+00,+105.0000E-03
+1.3814000E+00,+142.5000E-03
+1.3815000E+00,+180.0000E-03
+1.3816000E+00,+211.2500E-03
+1.3817000E+00,+251.8750E-03
+1.3818000E+00,+286.2500E-03
+1.3819000E+00,+317.5000E-03
+1.3820000E+00,+342.5000E-03
+1.3821000E+00,+380.0000E-03
+1.3822000E+00,+398.7500E-03
+1.3823000E+00,+414.3750E-03
+1.3824000E+00,+426.8750E-03
+1.3825000E+00,+20.6250E-03
+1.3826000E+00,+30.0000E-03
+1.3827000E+00,+42.5000E-03
+1.3828000E+00,+33.1250E-03
+1.3829000E+00,+33.1250E-03
+1.3830000E+00,+42.5000E-03
+1.3831000E+00,+20.6250E-03
+1.3832000E+00,+17.5000E-03
+1.3833000E+00,+23.7500E-03
+1.3834000E+00,+36.2500E-03
+1.3835000E+00,+33.1250E-03
+1.3836000E+00,+23.7500E-03
+1.3837000E+00,+39.3750E-03
+1.3838000E+00,+39.3750E-03
+1.3839000E+00,+23.7500E-03
+1.3840000E+00,+33.1250E-03
+1.3841000E+00,+17.5000E-03
+1.3842000E+00,+45.6250E-03
+1.3843000E+00,+36.2500E-03
+1.3844000E+00,+23.7500E-03
+1.3845000E+00,+33.1250E-03
+1.3846000E+00,+42.5000E-03
+1.3847000E+00,+36.2500E-03
+1.3848000E+00,+23.7500E-03
+1.3849000E+00,+36.2500E-03
+1.3850000E+00,+30.0000E-03
+1.3851000E+00,+33.1250E-03
+1.3852000E+00,+39.3750E-03
+1.3853000E+00,+30.0000E-03
+1.3854000E+00,+45.6250E-03
+1.3855000E+00,+26.8750E-03
+1.3856000E+00,+26.8750E-03
+1.3857000E+00,+30.0000E-03
+1.3858000E+00,+39.3750E-03
+1.3859000E+00,+33.1250E-03
+1.3860000E+00,+23.7500E-03
+1.3861000E+00,+30.0000E-03
+1.3862000E+00,+23.7500E-03
+1.3863000E+00,+39.3750E-03
+1.3864000E+00,+39.3750E-03
+1.3865000E+00,+45.6250E-03
+1.3866000E+00,+61.2500E-03
+1.3867000E+00,+73.7500E-03
+1.3868000E+00,+76.8750E-03
+1.3869000E+00,+86.2500E-03
+1.3870000E+00,+105.0000E-03
+1.3871000E+00,+108.1250E-03
+1.3872000E+00,+117.5000E-03
+1.3873000E+00,+133.1250E-03
+1.3874000E+00,+145.6250E-03
+1.3875000E+00,+155.0000E-03
+1.3876000E+00,+161.2500E-03
+1.3877000E+00,+170.6250E-03
+1.3878000E+00,+183.1250E-03
+1.3879000E+00,+186.2500E-03
+1.3880000E+00,+195.6250E-03
+1.3881000E+00,+198.7500E-03
+1.3882000E+00,+205.0000E-03
+1.3883000E+00,+220.6250E-03
+1.3884000E+00,+220.6250E-03
+1.3885000E+00,+220.6250E-03
+1.3886000E+00,+230.0000E-03
+1.3887000E+00,+226.8750E-03
+1.3888000E+00,+236.2500E-03
+1.3889000E+00,+245.6250E-03
+1.3890000E+00,+264.3750E-03
+1.3891000E+00,+301.8750E-03
+1.3892000E+00,+323.7500E-03
+1.3893000E+00,+345.6250E-03
+1.3894000E+00,+311.2500E-03
+1.3895000E+00,+386.2500E-03
+1.3896000E+00,+398.7500E-03
+1.3897000E+00,+408.1250E-03
+1.3898000E+00,+417.5000E-03
+1.3899000E+00,+423.7500E-03
+1.3900000E+00,+17.5000E-03
+1.3901000E+00,+36.2500E-03
+1.3902000E+00,+33.1250E-03
+1.3903000E+00,+36.2500E-03
+1.3904000E+00,+14.3750E-03
+1.3905000E+00,+39.3750E-03
+1.3906000E+00,+39.3750E-03
+1.3907000E+00,+36.2500E-03
+1.3908000E+00,+30.0000E-03
+1.3909000E+00,+30.0000E-03
+1.3910000E+00,+33.1250E-03
+1.3911000E+00,+23.7500E-03
+1.3912000E+00,+33.1250E-03
+1.3913000E+00,+42.5000E-03
+1.3914000E+00,+20.6250E-03
+1.3915000E+00,+30.0000E-03
+1.3916000E+00,+30.0000E-03
+1.3917000E+00,+30.0000E-03
+1.3918000E+00,+33.1250E-03
+1.3919000E+00,+30.0000E-03
+1.3920000E+00,+30.0000E-03
+1.3921000E+00,+33.1250E-03
+1.3922000E+00,+30.0000E-03
+1.3923000E+00,+36.2500E-03
+1.3924000E+00,+33.1250E-03
+1.3925000E+00,+33.1250E-03
+1.3926000E+00,+36.2500E-03
+1.3927000E+00,+33.1250E-03
+1.3928000E+00,+30.0000E-03
+1.3929000E+00,+33.1250E-03
+1.3930000E+00,+26.8750E-03
+1.3931000E+00,+30.0000E-03
+1.3932000E+00,+39.3750E-03
+1.3933000E+00,+33.1250E-03
+1.3934000E+00,+36.2500E-03
+1.3935000E+00,+36.2500E-03
+1.3936000E+00,+30.0000E-03
+1.3937000E+00,+30.0000E-03
+1.3938000E+00,+26.8750E-03
+1.3939000E+00,+30.0000E-03
+1.3940000E+00,+33.1250E-03
+1.3941000E+00,+23.7500E-03
+1.3942000E+00,+36.2500E-03
+1.3943000E+00,+30.0000E-03
+1.3944000E+00,+30.0000E-03
+1.3945000E+00,+33.1250E-03
+1.3946000E+00,+36.2500E-03
+1.3947000E+00,+30.0000E-03
+1.3948000E+00,+30.0000E-03
+1.3949000E+00,+39.3750E-03
+1.3950000E+00,+30.0000E-03
+1.3951000E+00,+33.1250E-03
+1.3952000E+00,+30.0000E-03
+1.3953000E+00,+33.1250E-03
+1.3954000E+00,+33.1250E-03
+1.3955000E+00,+36.2500E-03
+1.3956000E+00,+14.3750E-03
+1.3957000E+00,+33.1250E-03
+1.3958000E+00,+30.0000E-03
+1.3959000E+00,+33.1250E-03
+1.3960000E+00,+36.2500E-03
+1.3961000E+00,+30.0000E-03
+1.3962000E+00,+30.0000E-03
+1.3963000E+00,+42.5000E-03
+1.3964000E+00,+30.0000E-03
+1.3965000E+00,+36.2500E-03
+1.3966000E+00,+23.7500E-03
+1.3967000E+00,+39.3750E-03
+1.3968000E+00,+42.5000E-03
+1.3969000E+00,+26.8750E-03
+1.3970000E+00,+26.8750E-03
+1.3971000E+00,+33.1250E-03
+1.3972000E+00,+26.8750E-03
+1.3973000E+00,+33.1250E-03
+1.3974000E+00,+30.0000E-03
+1.3975000E+00,+36.2500E-03
+1.3976000E+00,+30.0000E-03
+1.3977000E+00,+39.3750E-03
+1.3978000E+00,+36.2500E-03
+1.3979000E+00,+30.0000E-03
+1.3980000E+00,+36.2500E-03
+1.3981000E+00,+30.0000E-03
+1.3982000E+00,+36.2500E-03
+1.3983000E+00,+33.1250E-03
+1.3984000E+00,+30.0000E-03
+1.3985000E+00,+17.5000E-03
+1.3986000E+00,+36.2500E-03
+1.3987000E+00,+30.0000E-03
+1.3988000E+00,+23.7500E-03
+1.3989000E+00,+26.8750E-03
+1.3990000E+00,+33.1250E-03
+1.3991000E+00,+33.1250E-03
+1.3992000E+00,+30.0000E-03
+1.3993000E+00,+30.0000E-03
+1.3994000E+00,+30.0000E-03
+1.3995000E+00,+36.2500E-03
+1.3996000E+00,+30.0000E-03
+1.3997000E+00,+36.2500E-03
+1.3998000E+00,+5.0000E-03
+1.3999000E+00,+39.3750E-03
+1.4000000E+00,+33.1250E-03
+1.4001000E+00,+30.0000E-03
+1.4002000E+00,+33.1250E-03
+1.4003000E+00,+42.5000E-03
+1.4004000E+00,+36.2500E-03
+1.4005000E+00,+33.1250E-03
+1.4006000E+00,+33.1250E-03
+1.4007000E+00,+39.3750E-03
+1.4008000E+00,+39.3750E-03
+1.4009000E+00,+39.3750E-03
+1.4010000E+00,+33.1250E-03
+1.4011000E+00,+33.1250E-03
+1.4012000E+00,+36.2500E-03
+1.4013000E+00,+30.0000E-03
+1.4014000E+00,+26.8750E-03
+1.4015000E+00,+42.5000E-03
+1.4016000E+00,+33.1250E-03
+1.4017000E+00,+23.7500E-03
+1.4018000E+00,+33.1250E-03
+1.4019000E+00,+23.7500E-03
+1.4020000E+00,+33.1250E-03
+1.4021000E+00,+30.0000E-03
+1.4022000E+00,+33.1250E-03
+1.4023000E+00,+30.0000E-03
+1.4024000E+00,+36.2500E-03
+1.4025000E+00,+30.0000E-03
+1.4026000E+00,+30.0000E-03
+1.4027000E+00,+33.1250E-03
+1.4028000E+00,+33.1250E-03
+1.4029000E+00,+33.1250E-03
+1.4030000E+00,+33.1250E-03
+1.4031000E+00,+33.1250E-03
+1.4032000E+00,+33.1250E-03
+1.4033000E+00,+30.0000E-03
+1.4034000E+00,+36.2500E-03
+1.4035000E+00,+30.0000E-03
+1.4036000E+00,+33.1250E-03
+1.4037000E+00,+33.1250E-03
+1.4038000E+00,+33.1250E-03
+1.4039000E+00,+30.0000E-03
+1.4040000E+00,+36.2500E-03
+1.4041000E+00,+33.1250E-03
+1.4042000E+00,+36.2500E-03
+1.4043000E+00,+33.1250E-03
+1.4044000E+00,+30.0000E-03
+1.4045000E+00,+36.2500E-03
+1.4046000E+00,+17.5000E-03
+1.4047000E+00,+26.8750E-03
+1.4048000E+00,+30.0000E-03
+1.4049000E+00,+36.2500E-03
+1.4050000E+00,+33.1250E-03
+1.4051000E+00,+39.3750E-03
+1.4052000E+00,+36.2500E-03
+1.4053000E+00,+30.0000E-03
+1.4054000E+00,+33.1250E-03
+1.4055000E+00,+36.2500E-03
+1.4056000E+00,+30.0000E-03
+1.4057000E+00,+26.8750E-03
+1.4058000E+00,+30.0000E-03
+1.4059000E+00,+26.8750E-03
+1.4060000E+00,+23.7500E-03
+1.4061000E+00,+33.1250E-03
+1.4062000E+00,+23.7500E-03
+1.4063000E+00,+39.3750E-03
+1.4064000E+00,+36.2500E-03
+1.4065000E+00,+30.0000E-03
+1.4066000E+00,+26.8750E-03
+1.4067000E+00,+30.0000E-03
+1.4068000E+00,+30.0000E-03
+1.4069000E+00,+42.5000E-03
+1.4070000E+00,+26.8750E-03
+1.4071000E+00,+14.3750E-03
+1.4072000E+00,+30.0000E-03
+1.4073000E+00,+36.2500E-03
+1.4074000E+00,+39.3750E-03
+1.4075000E+00,+33.1250E-03
+1.4076000E+00,+30.0000E-03
+1.4077000E+00,+39.3750E-03
+1.4078000E+00,+23.7500E-03
+1.4079000E+00,+33.1250E-03
+1.4080000E+00,+33.1250E-03
+1.4081000E+00,+33.1250E-03
+1.4082000E+00,+36.2500E-03
+1.4083000E+00,+36.2500E-03
+1.4084000E+00,+30.0000E-03
+1.4085000E+00,+33.1250E-03
+1.4086000E+00,+30.0000E-03
+1.4087000E+00,+33.1250E-03
+1.4088000E+00,+36.2500E-03
+1.4089000E+00,+39.3750E-03
+1.4090000E+00,+51.8750E-03
+1.4091000E+00,+51.8750E-03
+1.4092000E+00,+61.2500E-03
+1.4093000E+00,+64.3750E-03
+1.4094000E+00,+64.3750E-03
+1.4095000E+00,+67.5000E-03
+1.4096000E+00,+70.6250E-03
+1.4097000E+00,+76.8750E-03
+1.4098000E+00,+86.2500E-03
+1.4099000E+00,+89.3750E-03
+1.4100000E+00,+92.5000E-03
+1.4101000E+00,+98.7500E-03
+1.4102000E+00,+108.1250E-03
+1.4103000E+00,+108.1250E-03
+1.4104000E+00,+117.5000E-03
+1.4105000E+00,+123.7500E-03
+1.4106000E+00,+130.0000E-03
+1.4107000E+00,+130.0000E-03
+1.4108000E+00,+130.0000E-03
+1.4109000E+00,+136.2500E-03
+1.4110000E+00,+139.3750E-03
+1.4111000E+00,+142.5000E-03
+1.4112000E+00,+158.1250E-03
+1.4113000E+00,+151.8750E-03
+1.4114000E+00,+151.8750E-03
+1.4115000E+00,+161.2500E-03
+1.4116000E+00,+167.5000E-03
+1.4117000E+00,+161.2500E-03
+1.4118000E+00,+161.2500E-03
+1.4119000E+00,+170.6250E-03
+1.4120000E+00,+164.3750E-03
+1.4121000E+00,+170.6250E-03
+1.4122000E+00,+170.6250E-03
+1.4123000E+00,+161.2500E-03
+1.4124000E+00,+176.8750E-03
+1.4125000E+00,+183.1250E-03
+1.4126000E+00,+167.5000E-03
+1.4127000E+00,+186.2500E-03
+1.4128000E+00,+183.1250E-03
+1.4129000E+00,+180.0000E-03
+1.4130000E+00,+201.8750E-03
+1.4131000E+00,+211.2500E-03
+1.4132000E+00,+223.7500E-03
+1.4133000E+00,+245.6250E-03
+1.4134000E+00,+258.1250E-03
+1.4135000E+00,+320.6250E-03
+1.4136000E+00,+348.7500E-03
+1.4137000E+00,+380.0000E-03
+1.4138000E+00,+405.0000E-03
+1.4139000E+00,+426.8750E-03
+1.4140000E+00,+26.8750E-03
+1.4141000E+00,+33.1250E-03
+1.4142000E+00,+30.0000E-03
+1.4143000E+00,+39.3750E-03
+1.4144000E+00,+36.2500E-03
+1.4145000E+00,+45.6250E-03
+1.4146000E+00,+36.2500E-03
+1.4147000E+00,+39.3750E-03
+1.4148000E+00,+33.1250E-03
+1.4149000E+00,+36.2500E-03
+1.4150000E+00,+30.0000E-03
+1.4151000E+00,+23.7500E-03
+1.4152000E+00,+30.0000E-03
+1.4153000E+00,+36.2500E-03
+1.4154000E+00,+45.6250E-03
+1.4155000E+00,+42.5000E-03
+1.4156000E+00,+30.0000E-03
+1.4157000E+00,+36.2500E-03
+1.4158000E+00,+39.3750E-03
+1.4159000E+00,+30.0000E-03
+1.4160000E+00,+33.1250E-03
+1.4161000E+00,+51.8750E-03
+1.4162000E+00,+39.3750E-03
+1.4163000E+00,+39.3750E-03
+1.4164000E+00,+30.0000E-03
+1.4165000E+00,+42.5000E-03
+1.4166000E+00,+30.0000E-03
+1.4167000E+00,+39.3750E-03
+1.4168000E+00,+26.8750E-03
+1.4169000E+00,+42.5000E-03
+1.4170000E+00,+36.2500E-03
+1.4171000E+00,+36.2500E-03
+1.4172000E+00,+33.1250E-03
+1.4173000E+00,+39.3750E-03
+1.4174000E+00,+33.1250E-03
+1.4175000E+00,+30.0000E-03
+1.4176000E+00,+36.2500E-03
+1.4177000E+00,+30.0000E-03
+1.4178000E+00,+20.6250E-03
+1.4179000E+00,+36.2500E-03
+1.4180000E+00,+30.0000E-03
+1.4181000E+00,+30.0000E-03
+1.4182000E+00,+39.3750E-03
+1.4183000E+00,+36.2500E-03
+1.4184000E+00,+33.1250E-03
+1.4185000E+00,+30.0000E-03
+1.4186000E+00,+23.7500E-03
+1.4187000E+00,+33.1250E-03
+1.4188000E+00,+30.0000E-03
+1.4189000E+00,+36.2500E-03
+1.4190000E+00,+36.2500E-03
+1.4191000E+00,+33.1250E-03
+1.4192000E+00,+39.3750E-03
+1.4193000E+00,+33.1250E-03
+1.4194000E+00,+30.0000E-03
+1.4195000E+00,+33.1250E-03
+1.4196000E+00,+36.2500E-03
+1.4197000E+00,+42.5000E-03
+1.4198000E+00,+36.2500E-03
+1.4199000E+00,+30.0000E-03
+1.4200000E+00,+33.1250E-03
+1.4201000E+00,+26.8750E-03
+1.4202000E+00,+33.1250E-03
+1.4203000E+00,+36.2500E-03
+1.4204000E+00,+33.1250E-03
+1.4205000E+00,+26.8750E-03
+1.4206000E+00,+23.7500E-03
+1.4207000E+00,+26.8750E-03
+1.4208000E+00,+36.2500E-03
+1.4209000E+00,+26.8750E-03
+1.4210000E+00,+33.1250E-03
+1.4211000E+00,+33.1250E-03
+1.4212000E+00,+36.2500E-03
+1.4213000E+00,+36.2500E-03
+1.4214000E+00,+30.0000E-03
+1.4215000E+00,+33.1250E-03
+1.4216000E+00,+23.7500E-03
+1.4217000E+00,+36.2500E-03
+1.4218000E+00,+36.2500E-03
+1.4219000E+00,+36.2500E-03
+1.4220000E+00,+30.0000E-03
+1.4221000E+00,+33.1250E-03
+1.4222000E+00,+36.2500E-03
+1.4223000E+00,+33.1250E-03
+1.4224000E+00,+36.2500E-03
+1.4225000E+00,+39.3750E-03
+1.4226000E+00,+39.3750E-03
+1.4227000E+00,+5.0000E-03
+1.4228000E+00,+42.5000E-03
+1.4229000E+00,+39.3750E-03
+1.4230000E+00,+30.0000E-03
+1.4231000E+00,+36.2500E-03
+1.4232000E+00,+30.0000E-03
+1.4233000E+00,+33.1250E-03
+1.4234000E+00,+26.8750E-03
+1.4235000E+00,+42.5000E-03
+1.4236000E+00,+39.3750E-03
+1.4237000E+00,+61.2500E-03
+1.4238000E+00,+51.8750E-03
+1.4239000E+00,+64.3750E-03
+1.4240000E+00,+61.2500E-03
+1.4241000E+00,+70.6250E-03
+1.4242000E+00,+76.8750E-03
+1.4243000E+00,+95.6250E-03
+1.4244000E+00,+98.7500E-03
+1.4245000E+00,+105.0000E-03
+1.4246000E+00,+111.2500E-03
+1.4247000E+00,+120.6250E-03
+1.4248000E+00,+130.0000E-03
+1.4249000E+00,+145.6250E-03
+1.4250000E+00,+155.0000E-03
+1.4251000E+00,+158.1250E-03
+1.4252000E+00,+173.7500E-03
+1.4253000E+00,+176.8750E-03
+1.4254000E+00,+186.2500E-03
+1.4255000E+00,+201.8750E-03
+1.4256000E+00,+195.6250E-03
+1.4257000E+00,+208.1250E-03
+1.4258000E+00,+214.3750E-03
+1.4259000E+00,+230.0000E-03
+1.4260000E+00,+214.3750E-03
+1.4261000E+00,+223.7500E-03
+1.4262000E+00,+239.3750E-03
+1.4263000E+00,+245.6250E-03
+1.4264000E+00,+245.6250E-03
+1.4265000E+00,+255.0000E-03
+1.4266000E+00,+255.0000E-03
+1.4267000E+00,+261.2500E-03
+1.4268000E+00,+280.0000E-03
+1.4269000E+00,+273.7500E-03
+1.4270000E+00,+276.8750E-03
+1.4271000E+00,+270.6250E-03
+1.4272000E+00,+286.2500E-03
+1.4273000E+00,+286.2500E-03
+1.4274000E+00,+289.3750E-03
+1.4275000E+00,+295.6250E-03
+1.4276000E+00,+295.6250E-03
+1.4277000E+00,+298.7500E-03
+1.4278000E+00,+317.5000E-03
+1.4279000E+00,+308.1250E-03
+1.4280000E+00,+308.1250E-03
+1.4281000E+00,+308.1250E-03
+1.4282000E+00,+311.2500E-03
+1.4283000E+00,+317.5000E-03
+1.4284000E+00,+311.2500E-03
+1.4285000E+00,+326.8750E-03
+1.4286000E+00,+314.3750E-03
+1.4287000E+00,+320.6250E-03
+1.4288000E+00,+323.7500E-03
+1.4289000E+00,+323.7500E-03
+1.4290000E+00,+330.0000E-03
+1.4291000E+00,+336.2500E-03
+1.4292000E+00,+358.1250E-03
+1.4293000E+00,+373.7500E-03
+1.4294000E+00,+386.2500E-03
+1.4295000E+00,+398.7500E-03
+1.4296000E+00,+414.3750E-03
+1.4297000E+00,+420.6250E-03
+1.4298000E+00,+420.6250E-03
+1.4299000E+00,+17.5000E-03
+1.4300000E+00,+26.8750E-03
+1.4301000E+00,+30.0000E-03
+1.4302000E+00,+36.2500E-03
+1.4303000E+00,+36.2500E-03
+1.4304000E+00,+30.0000E-03
+1.4305000E+00,+26.8750E-03
+1.4306000E+00,+30.0000E-03
+1.4307000E+00,+39.3750E-03
+1.4308000E+00,+26.8750E-03
+1.4309000E+00,+23.7500E-03
+1.4310000E+00,+14.3750E-03
+1.4311000E+00,+30.0000E-03
+1.4312000E+00,+30.0000E-03
+1.4313000E+00,+33.1250E-03
+1.4314000E+00,+33.1250E-03
+1.4315000E+00,+33.1250E-03
+1.4316000E+00,+26.8750E-03
+1.4317000E+00,+26.8750E-03
+1.4318000E+00,+39.3750E-03
+1.4319000E+00,+30.0000E-03
+1.4320000E+00,+26.8750E-03
+1.4321000E+00,+33.1250E-03
+1.4322000E+00,+26.8750E-03
+1.4323000E+00,+42.5000E-03
+1.4324000E+00,+26.8750E-03
+1.4325000E+00,+39.3750E-03
+1.4326000E+00,+30.0000E-03
+1.4327000E+00,+30.0000E-03
+1.4328000E+00,+26.8750E-03
+1.4329000E+00,+39.3750E-03
+1.4330000E+00,+5.0000E-03
+1.4331000E+00,+30.0000E-03
+1.4332000E+00,+33.1250E-03
+1.4333000E+00,+26.8750E-03
+1.4334000E+00,+30.0000E-03
+1.4335000E+00,+33.1250E-03
+1.4336000E+00,+30.0000E-03
+1.4337000E+00,+30.0000E-03
+1.4338000E+00,+36.2500E-03
+1.4339000E+00,+26.8750E-03
+1.4340000E+00,+30.0000E-03
+1.4341000E+00,+39.3750E-03
+1.4342000E+00,+30.0000E-03
+1.4343000E+00,+30.0000E-03
+1.4344000E+00,+36.2500E-03
+1.4345000E+00,+39.3750E-03
+1.4346000E+00,+33.1250E-03
+1.4347000E+00,+33.1250E-03
+1.4348000E+00,+26.8750E-03
+1.4349000E+00,+33.1250E-03
+1.4350000E+00,+30.0000E-03
+1.4351000E+00,+39.3750E-03
+1.4352000E+00,+33.1250E-03
+1.4353000E+00,+33.1250E-03
+1.4354000E+00,+33.1250E-03
+1.4355000E+00,+33.1250E-03
+1.4356000E+00,+36.2500E-03
+1.4357000E+00,+36.2500E-03
+1.4358000E+00,+42.5000E-03
+1.4359000E+00,+55.0000E-03
+1.4360000E+00,+58.1250E-03
+1.4361000E+00,+48.7500E-03
+1.4362000E+00,+58.1250E-03
+1.4363000E+00,+70.6250E-03
+1.4364000E+00,+67.5000E-03
+1.4365000E+00,+70.6250E-03
+1.4366000E+00,+76.8750E-03
+1.4367000E+00,+92.5000E-03
+1.4368000E+00,+83.1250E-03
+1.4369000E+00,+95.6250E-03
+1.4370000E+00,+101.8750E-03
+1.4371000E+00,+89.3750E-03
+1.4372000E+00,+105.0000E-03
+1.4373000E+00,+117.5000E-03
+1.4374000E+00,+114.3750E-03
+1.4375000E+00,+111.2500E-03
+1.4376000E+00,+120.6250E-03
+1.4377000E+00,+117.5000E-03
+1.4378000E+00,+126.8750E-03
+1.4379000E+00,+123.7500E-03
+1.4380000E+00,+130.0000E-03
+1.4381000E+00,+133.1250E-03
+1.4382000E+00,+126.8750E-03
+1.4383000E+00,+133.1250E-03
+1.4384000E+00,+133.1250E-03
+1.4385000E+00,+133.1250E-03
+1.4386000E+00,+148.7500E-03
+1.4387000E+00,+136.2500E-03
+1.4388000E+00,+145.6250E-03
+1.4389000E+00,+133.1250E-03
+1.4390000E+00,+142.5000E-03
+1.4391000E+00,+145.6250E-03
+1.4392000E+00,+145.6250E-03
+1.4393000E+00,+142.5000E-03
+1.4394000E+00,+136.2500E-03
+1.4395000E+00,+139.3750E-03
+1.4396000E+00,+133.1250E-03
+1.4397000E+00,+145.6250E-03
+1.4398000E+00,+139.3750E-03
+1.4399000E+00,+139.3750E-03
+1.4400000E+00,+136.2500E-03
+1.4401000E+00,+130.0000E-03
+1.4402000E+00,+136.2500E-03
+1.4403000E+00,+133.1250E-03
+1.4404000E+00,+133.1250E-03
+1.4405000E+00,+142.5000E-03
+1.4406000E+00,+142.5000E-03
+1.4407000E+00,+136.2500E-03
+1.4408000E+00,+136.2500E-03
+1.4409000E+00,+139.3750E-03
+1.4410000E+00,+130.0000E-03
+1.4411000E+00,+136.2500E-03
+1.4412000E+00,+130.0000E-03
+1.4413000E+00,+123.7500E-03
+1.4414000E+00,+139.3750E-03
+1.4415000E+00,+130.0000E-03
+1.4416000E+00,+130.0000E-03
+1.4417000E+00,+130.0000E-03
+1.4418000E+00,+126.8750E-03
+1.4419000E+00,+133.1250E-03
+1.4420000E+00,+120.6250E-03
+1.4421000E+00,+133.1250E-03
+1.4422000E+00,+123.7500E-03
+1.4423000E+00,+133.1250E-03
+1.4424000E+00,+133.1250E-03
+1.4425000E+00,+151.8750E-03
+1.4426000E+00,+173.7500E-03
+1.4427000E+00,+195.6250E-03
+1.4428000E+00,+214.3750E-03
+1.4429000E+00,+226.8750E-03
+1.4430000E+00,+245.6250E-03
+1.4431000E+00,+264.3750E-03
+1.4432000E+00,+280.0000E-03
+1.4433000E+00,+295.6250E-03
+1.4434000E+00,+308.1250E-03
+1.4435000E+00,+323.7500E-03
+1.4436000E+00,+348.7500E-03
+1.4437000E+00,+355.0000E-03
+1.4438000E+00,+361.2500E-03
+1.4439000E+00,+376.8750E-03
+1.4440000E+00,+383.1250E-03
+1.4441000E+00,+398.7500E-03
+1.4442000E+00,+401.8750E-03
+1.4443000E+00,+417.5000E-03
+1.4444000E+00,+408.1250E-03
+1.4445000E+00,+395.6250E-03
+1.4446000E+00,+417.5000E-03
+1.4447000E+00,+423.7500E-03
+1.4448000E+00,+430.0000E-03
+1.4449000E+00,+30.0000E-03
+1.4450000E+00,+33.1250E-03
+1.4451000E+00,+30.0000E-03
+1.4452000E+00,+30.0000E-03
+1.4453000E+00,+23.7500E-03
+1.4454000E+00,+26.8750E-03
+1.4455000E+00,+51.8750E-03
+1.4456000E+00,+36.2500E-03
+1.4457000E+00,+39.3750E-03
+1.4458000E+00,+36.2500E-03
+1.4459000E+00,+33.1250E-03
+1.4460000E+00,+36.2500E-03
+1.4461000E+00,+26.8750E-03
+1.4462000E+00,+36.2500E-03
+1.4463000E+00,+39.3750E-03
+1.4464000E+00,+36.2500E-03
+1.4465000E+00,+30.0000E-03
+1.4466000E+00,+51.8750E-03
+1.4467000E+00,+33.1250E-03
+1.4468000E+00,+17.5000E-03
+1.4469000E+00,+33.1250E-03
+1.4470000E+00,+33.1250E-03
+1.4471000E+00,+30.0000E-03
+1.4472000E+00,+36.2500E-03
+1.4473000E+00,+45.6250E-03
+1.4474000E+00,+26.8750E-03
+1.4475000E+00,+26.8750E-03
+1.4476000E+00,+36.2500E-03
+1.4477000E+00,+23.7500E-03
+1.4478000E+00,+30.0000E-03
+1.4479000E+00,+33.1250E-03
+1.4480000E+00,+36.2500E-03
+1.4481000E+00,+23.7500E-03
+1.4482000E+00,+30.0000E-03
+1.4483000E+00,+33.1250E-03
+1.4484000E+00,+26.8750E-03
+1.4485000E+00,+33.1250E-03
+1.4486000E+00,+30.0000E-03
+1.4487000E+00,+26.8750E-03
+1.4488000E+00,+42.5000E-03
+1.4489000E+00,+30.0000E-03
+1.4490000E+00,+30.0000E-03
+1.4491000E+00,+33.1250E-03
+1.4492000E+00,+36.2500E-03
+1.4493000E+00,+36.2500E-03
+1.4494000E+00,+42.5000E-03
+1.4495000E+00,+36.2500E-03
+1.4496000E+00,+36.2500E-03
+1.4497000E+00,+36.2500E-03
+1.4498000E+00,+26.8750E-03
+1.4499000E+00,+33.1250E-03
+1.4500000E+00,+11.2500E-03
+1.4501000E+00,+30.0000E-03
+1.4502000E+00,+30.0000E-03
+1.4503000E+00,+26.8750E-03
+1.4504000E+00,+39.3750E-03
+1.4505000E+00,+33.1250E-03
+1.4506000E+00,+36.2500E-03
+1.4507000E+00,+30.0000E-03
+1.4508000E+00,+30.0000E-03
+1.4509000E+00,+33.1250E-03
+1.4510000E+00,+33.1250E-03
+1.4511000E+00,+30.0000E-03
+1.4512000E+00,+30.0000E-03
+1.4513000E+00,+36.2500E-03
+1.4514000E+00,+36.2500E-03
+1.4515000E+00,+30.0000E-03
+1.4516000E+00,+36.2500E-03
+1.4517000E+00,+33.1250E-03
+1.4518000E+00,+20.6250E-03
+1.4519000E+00,+55.0000E-03
+1.4520000E+00,+36.2500E-03
+1.4521000E+00,+33.1250E-03
+1.4522000E+00,+39.3750E-03
+1.4523000E+00,+30.0000E-03
+1.4524000E+00,+26.8750E-03
+1.4525000E+00,+33.1250E-03
+1.4526000E+00,+26.8750E-03
+1.4527000E+00,+30.0000E-03
+1.4528000E+00,+33.1250E-03
+1.4529000E+00,+30.0000E-03
+1.4530000E+00,+30.0000E-03
+1.4531000E+00,+39.3750E-03
+1.4532000E+00,+23.7500E-03
+1.4533000E+00,+30.0000E-03
+1.4534000E+00,+23.7500E-03
+1.4535000E+00,+30.0000E-03
+1.4536000E+00,+26.8750E-03
+1.4537000E+00,+36.2500E-03
+1.4538000E+00,+33.1250E-03
+1.4539000E+00,+39.3750E-03
+1.4540000E+00,+30.0000E-03
+1.4541000E+00,+36.2500E-03
+1.4542000E+00,+20.6250E-03
+1.4543000E+00,+30.0000E-03
+1.4544000E+00,+33.1250E-03
+1.4545000E+00,+42.5000E-03
+1.4546000E+00,+42.5000E-03
+1.4547000E+00,+64.3750E-03
+1.4548000E+00,+67.5000E-03
+1.4549000E+00,+73.7500E-03
+1.4550000E+00,+89.3750E-03
+1.4551000E+00,+89.3750E-03
+1.4552000E+00,+108.1250E-03
+1.4553000E+00,+108.1250E-03
+1.4554000E+00,+130.0000E-03
+1.4555000E+00,+130.0000E-03
+1.4556000E+00,+148.7500E-03
+1.4557000E+00,+151.8750E-03
+1.4558000E+00,+167.5000E-03
+1.4559000E+00,+173.7500E-03
+1.4560000E+00,+189.3750E-03
+1.4561000E+00,+205.0000E-03
+1.4562000E+00,+208.1250E-03
+1.4563000E+00,+214.3750E-03
+1.4564000E+00,+217.5000E-03
+1.4565000E+00,+223.7500E-03
+1.4566000E+00,+236.2500E-03
+1.4567000E+00,+242.5000E-03
+1.4568000E+00,+251.8750E-03
+1.4569000E+00,+261.2500E-03
+1.4570000E+00,+264.3750E-03
+1.4571000E+00,+270.6250E-03
+1.4572000E+00,+276.8750E-03
+1.4573000E+00,+280.0000E-03
+1.4574000E+00,+292.5000E-03
+1.4575000E+00,+308.1250E-03
+1.4576000E+00,+301.8750E-03
+1.4577000E+00,+311.2500E-03
+1.4578000E+00,+317.5000E-03
+1.4579000E+00,+314.3750E-03
+1.4580000E+00,+323.7500E-03
+1.4581000E+00,+320.6250E-03
+1.4582000E+00,+336.2500E-03
+1.4583000E+00,+336.2500E-03
+1.4584000E+00,+333.1250E-03
+1.4585000E+00,+336.2500E-03
+1.4586000E+00,+348.7500E-03
+1.4587000E+00,+339.3750E-03
+1.4588000E+00,+339.3750E-03
+1.4589000E+00,+351.8750E-03
+1.4590000E+00,+355.0000E-03
+1.4591000E+00,+348.7500E-03
+1.4592000E+00,+358.1250E-03
+1.4593000E+00,+367.5000E-03
+1.4594000E+00,+361.2500E-03
+1.4595000E+00,+361.2500E-03
