x-axis,1,2,3
second,Volt,Volt,Volt
-1.1460000E+00,+18.7500E-03,+41.2500E-03,+53.1250E-03
-1.1455000E+00,+3.1250E-03,+53.7500E-03,+53.1250E-03
-1.1450000E+00,+18.7500E-03,+47.5000E-03,+53.1250E-03
-1.1445000E+00,+34.3750E-03,+47.5000E-03,+53.1250E-03
-1.1440000E+00,+18.7500E-03,+41.2500E-03,+68.7500E-03
-1.1435000E+00,+3.1250E-03,+41.2500E-03,+53.1250E-03
-1.1430000E+00,+18.7500E-03,+41.2500E-03,+53.1250E-03
-1.1425000E+00,+18.7500E-03,+41.2500E-03,+68.7500E-03
-1.1420000E+00,+18.7500E-03,+41.2500E-03,+68.7500E-03
-1.1415000E+00,+3.1250E-03,+41.2500E-03,+53.1250E-03
-1.1410000E+00,+18.7500E-03,+47.5000E-03,+53.1250E-03
-1.1405000E+00,+18.7500E-03,+35.0000E-03,+84.3750E-03
-1.1400000E+00,+3.1250E-03,+47.5000E-03,+68.7500E-03
-1.1395000E+00,+3.1250E-03,+47.5000E-03,+37.5000E-03
-1.1390000E+00,+18.7500E-03,+41.2500E-03,+53.1250E-03
-1.1385000E+00,+3.1250E-03,+47.5000E-03,+68.7500E-03
-1.1380000E+00,+18.7500E-03,+41.2500E-03,+68.7500E-03
-1.1375000E+00,+18.7500E-03,+47.5000E-03,+37.5000E-03
-1.1370000E+00,+3.1250E-03,+47.5000E-03,+37.5000E-03
-1.1365000E+00,+3.1250E-03,+47.5000E-03,+53.1250E-03
-1.1360000E+00,+18.7500E-03,+41.2500E-03,+37.5000E-03
-1.1355000E+00,+18.7500E-03,+47.5000E-03,+53.1250E-03
-1.1350000E+00,+18.7500E-03,+41.2500E-03,+68.7500E-03
-1.1345000E+00,+18.7500E-03,+47.5000E-03,+53.1250E-03
-1.1340000E+00,-12.5000E-03,+41.2500E-03,+53.1250E-03
-1.1335000E+00,+34.3750E-03,+47.5000E-03,+37.5000E-03
-1.1330000E+00,+50.0000E-03,+41.2500E-03,+53.1250E-03
-1.1325000E+00,+18.7500E-03,+47.5000E-03,+84.3750E-03
-1.1320000E+00,+3.1250E-03,+35.0000E-03,+21.8750E-03
-1.1315000E+00,+18.7500E-03,+41.2500E-03,+37.5000E-03
-1.1310000E+00,+18.7500E-03,+41.2500E-03,+68.7500E-03
-1.1305000E+00,+34.3750E-03,+41.2500E-03,+37.5000E-03
-1.1300000E+00,+3.1250E-03,+41.2500E-03,+68.7500E-03
-1.1295000E+00,+3.1250E-03,+41.2500E-03,+37.5000E-03
-1.1290000E+00,+18.7500E-03,+47.5000E-03,+53.1250E-03
-1.1285000E+00,+3.1250E-03,+47.5000E-03,+37.5000E-03
-1.1280000E+00,+18.7500E-03,+41.2500E-03,+53.1250E-03
-1.1275000E+00,+34.3750E-03,+47.5000E-03,+37.5000E-03
-1.1270000E+00,+18.7500E-03,+41.2500E-03,+68.7500E-03
-1.1265000E+00,+18.7500E-03,+41.2500E-03,+68.7500E-03
-1.1260000E+00,+3.1250E-03,+47.5000E-03,+53.1250E-03
-1.1255000E+00,+3.1250E-03,+47.5000E-03,+53.1250E-03
-1.1250000E+00,+3.1250E-03,+35.0000E-03,+21.8750E-03
-1.1245000E+00,+3.1250E-03,+41.2500E-03,+53.1250E-03
-1.1240000E+00,+3.1250E-03,+41.2500E-03,+53.1250E-03
-1.1235000E+00,+18.7500E-03,+41.2500E-03,+37.5000E-03
-1.1230000E+00,+18.7500E-03,+41.2500E-03,+53.1250E-03
-1.1225000E+00,+18.7500E-03,+35.0000E-03,+6.2500E-03
-1.1220000E+00,+18.7500E-03,+41.2500E-03,+53.1250E-03
-1.1215000E+00,+18.7500E-03,+41.2500E-03,+53.1250E-03
-1.1210000E+00,+18.7500E-03,+41.2500E-03,+53.1250E-03
-1.1205000E+00,+3.1250E-03,+41.2500E-03,+53.1250E-03
-1.1200000E+00,+34.3750E-03,+41.2500E-03,+37.5000E-03
-1.1195000E+00,+3.1250E-03,+47.5000E-03,+37.5000E-03
-1.1190000E+00,+18.7500E-03,+41.2500E-03,+53.1250E-03
-1.1185000E+00,+18.7500E-03,+41.2500E-03,+68.7500E-03
-1.1180000E+00,+18.7500E-03,+41.2500E-03,+37.5000E-03
-1.1175000E+00,+18.7500E-03,+41.2500E-03,+37.5000E-03
-1.1170000E+00,+3.1250E-03,+47.5000E-03,+68.7500E-03
-1.1165000E+00,+3.1250E-03,+53.7500E-03,+53.1250E-03
-1.1160000E+00,+3.1250E-03,+41.2500E-03,+53.1250E-03
-1.1155000E+00,+3.1250E-03,+41.2500E-03,+21.8750E-03
-1.1150000E+00,+3.1250E-03,+53.7500E-03,+53.1250E-03
-1.1145000E+00,+3.1250E-03,+35.0000E-03,+53.1250E-03
-1.1140000E+00,+3.1250E-03,+41.2500E-03,+53.1250E-03
-1.1135000E+00,+3.1250E-03,+53.7500E-03,+68.7500E-03
-1.1130000E+00,+34.3750E-03,+41.2500E-03,+53.1250E-03
-1.1125000E+00,+3.1250E-03,+41.2500E-03,+53.1250E-03
-1.1120000E+00,+18.7500E-03,+41.2500E-03,+21.8750E-03
-1.1115000E+00,+3.1250E-03,+41.2500E-03,+37.5000E-03
-1.1110000E+00,+18.7500E-03,+41.2500E-03,+53.1250E-03
-1.1105000E+00,+18.7500E-03,+47.5000E-03,+68.7500E-03
-1.1100000E+00,+18.7500E-03,+35.0000E-03,+37.5000E-03
-1.1095000E+00,+3.1250E-03,+47.5000E-03,+53.1250E-03
-1.1090000E+00,+3.1250E-03,+53.7500E-03,+37.5000E-03
-1.1085000E+00,+18.7500E-03,+41.2500E-03,+37.5000E-03
-1.1080000E+00,+34.3750E-03,+41.2500E-03,+53.1250E-03
-1.1075000E+00,+3.1250E-03,+47.5000E-03,+53.1250E-03
-1.1070000E+00,+18.7500E-03,+41.2500E-03,+53.1250E-03
-1.1065000E+00,+3.1250E-03,+53.7500E-03,+37.5000E-03
-1.1060000E+00,+18.7500E-03,+47.5000E-03,+68.7500E-03
-1.1055000E+00,+34.3750E-03,+41.2500E-03,+37.5000E-03
-1.1050000E+00,+18.7500E-03,+47.5000E-03,+53.1250E-03
-1.1045000E+00,+18.7500E-03,+47.5000E-03,+68.7500E-03
-1.1040000E+00,+18.7500E-03,+47.5000E-03,+53.1250E-03
-1.1035000E+00,+18.7500E-03,+41.2500E-03,+53.1250E-03
-1.1030000E+00,+18.7500E-03,+35.0000E-03,+37.5000E-03
-1.1025000E+00,+18.7500E-03,+41.2500E-03,+37.5000E-03
-1.1020000E+00,+34.3750E-03,+41.2500E-03,+53.1250E-03
-1.1015000E+00,+34.3750E-03,+41.2500E-03,+53.1250E-03
-1.1010000E+00,+18.7500E-03,+47.5000E-03,+68.7500E-03
-1.1005000E+00,+18.7500E-03,+53.7500E-03,+53.1250E-03
-1.1000000E+00,+3.1250E-03,+41.2500E-03,+68.7500E-03
-1.0995000E+00,+18.7500E-03,+41.2500E-03,+37.5000E-03
-1.0990000E+00,+3.1250E-03,+53.7500E-03,+53.1250E-03
-1.0985000E+00,-12.5000E-03,+41.2500E-03,+68.7500E-03
-1.0980000E+00,+3.1250E-03,+41.2500E-03,+53.1250E-03
-1.0975000E+00,+3.1250E-03,+35.0000E-03,+53.1250E-03
-1.0970000E+00,-12.5000E-03,+35.0000E-03,+37.5000E-03
-1.0965000E+00,+18.7500E-03,+41.2500E-03,+53.1250E-03
-1.0960000E+00,+18.7500E-03,+47.5000E-03,+53.1250E-03
-1.0955000E+00,+3.1250E-03,+41.2500E-03,+37.5000E-03
-1.0950000E+00,+3.1250E-03,+47.5000E-03,+68.7500E-03
-1.0945000E+00,+3.1250E-03,+47.5000E-03,+68.7500E-03
-1.0940000E+00,+18.7500E-03,+47.5000E-03,+68.7500E-03
-1.0935000E+00,+3.1250E-03,+41.2500E-03,+37.5000E-03
-1.0930000E+00,+18.7500E-03,+35.0000E-03,+68.7500E-03
-1.0925000E+00,+18.7500E-03,+47.5000E-03,+37.5000E-03
-1.0920000E+00,+18.7500E-03,+41.2500E-03,+53.1250E-03
-1.0915000E+00,+18.7500E-03,+41.2500E-03,+68.7500E-03
-1.0910000E+00,+3.1250E-03,+41.2500E-03,+68.7500E-03
-1.0905000E+00,+34.3750E-03,+35.0000E-03,+53.1250E-03
-1.0900000E+00,+3.1250E-03,+47.5000E-03,+21.8750E-03
-1.0895000E+00,+18.7500E-03,+41.2500E-03,+53.1250E-03
-1.0890000E+00,+18.7500E-03,+41.2500E-03,+53.1250E-03
-1.0885000E+00,+18.7500E-03,+41.2500E-03,+37.5000E-03
-1.0880000E+00,+3.1250E-03,+41.2500E-03,+68.7500E-03
-1.0875000E+00,+18.7500E-03,+47.5000E-03,+68.7500E-03
-1.0870000E+00,+3.1250E-03,+47.5000E-03,+53.1250E-03
-1.0865000E+00,+18.7500E-03,+41.2500E-03,+53.1250E-03
-1.0860000E+00,+18.7500E-03,+47.5000E-03,+53.1250E-03
-1.0855000E+00,+3.1250E-03,+47.5000E-03,+37.5000E-03
-1.0850000E+00,+18.7500E-03,+47.5000E-03,+68.7500E-03
-1.0845000E+00,+18.7500E-03,+53.7500E-03,+37.5000E-03
-1.0840000E+00,+18.7500E-03,+35.0000E-03,+68.7500E-03
-1.0835000E+00,+34.3750E-03,+41.2500E-03,+68.7500E-03
-1.0830000E+00,+3.1250E-03,+35.0000E-03,+53.1250E-03
-1.0825000E+00,+18.7500E-03,+47.5000E-03,+53.1250E-03
-1.0820000E+00,+3.1250E-03,+47.5000E-03,+68.7500E-03
-1.0815000E+00,-12.5000E-03,+35.0000E-03,+68.7500E-03
-1.0810000E+00,+18.7500E-03,+41.2500E-03,+68.7500E-03
-1.0805000E+00,+18.7500E-03,+41.2500E-03,+68.7500E-03
-1.0800000E+00,+18.7500E-03,+47.5000E-03,+68.7500E-03
-1.0795000E+00,+18.7500E-03,+47.5000E-03,+68.7500E-03
-1.0790000E+00,+18.7500E-03,+41.2500E-03,+53.1250E-03
-1.0785000E+00,+34.3750E-03,+47.5000E-03,+53.1250E-03
-1.0780000E+00,+34.3750E-03,+41.2500E-03,+68.7500E-03
-1.0775000E+00,+34.3750E-03,+35.0000E-03,+68.7500E-03
-1.0770000E+00,+3.1250E-03,+41.2500E-03,+53.1250E-03
-1.0765000E+00,+3.1250E-03,+41.2500E-03,+53.1250E-03
-1.0760000E+00,+3.1250E-03,+47.5000E-03,+68.7500E-03
-1.0755000E+00,+18.7500E-03,+41.2500E-03,+68.7500E-03
-1.0750000E+00,+18.7500E-03,+41.2500E-03,+68.7500E-03
-1.0745000E+00,+18.7500E-03,+41.2500E-03,+53.1250E-03
-1.0740000E+00,+18.7500E-03,+35.0000E-03,+68.7500E-03
-1.0735000E+00,+18.7500E-03,+41.2500E-03,+53.1250E-03
-1.0730000E+00,+18.7500E-03,+60.0000E-03,+84.3750E-03
-1.0725000E+00,+18.7500E-03,+47.5000E-03,+68.7500E-03
-1.0720000E+00,+18.7500E-03,+47.5000E-03,+84.3750E-03
-1.0715000E+00,+34.3750E-03,+41.2500E-03,+53.1250E-03
-1.0710000E+00,+18.7500E-03,+47.5000E-03,+84.3750E-03
-1.0705000E+00,+3.1250E-03,+41.2500E-03,+53.1250E-03
-1.0700000E+00,+3.1250E-03,+47.5000E-03,+68.7500E-03
-1.0695000E+00,+18.7500E-03,+41.2500E-03,+68.7500E-03
-1.0690000E+00,+3.1250E-03,+47.5000E-03,+68.7500E-03
-1.0685000E+00,+3.1250E-03,+47.5000E-03,+53.1250E-03
-1.0680000E+00,+18.7500E-03,+41.2500E-03,+68.7500E-03
-1.0675000E+00,+18.7500E-03,+47.5000E-03,+84.3750E-03
-1.0670000E+00,+3.1250E-03,+47.5000E-03,+53.1250E-03
-1.0665000E+00,+18.7500E-03,+35.0000E-03,+68.7500E-03
-1.0660000E+00,+3.1250E-03,+41.2500E-03,+100.0000E-03
-1.0655000E+00,+3.1250E-03,+47.5000E-03,+68.7500E-03
-1.0650000E+00,-12.5000E-03,+47.5000E-03,+68.7500E-03
-1.0645000E+00,+34.3750E-03,+47.5000E-03,+68.7500E-03
-1.0640000E+00,+18.7500E-03,+35.0000E-03,+53.1250E-03
-1.0635000E+00,+18.7500E-03,+47.5000E-03,+68.7500E-03
-1.0630000E+00,+18.7500E-03,+35.0000E-03,+68.7500E-03
-1.0625000E+00,+3.1250E-03,+41.2500E-03,+68.7500E-03
-1.0620000E+00,+3.1250E-03,+41.2500E-03,+68.7500E-03
-1.0615000E+00,+18.7500E-03,+53.7500E-03,+84.3750E-03
-1.0610000E+00,+18.7500E-03,+41.2500E-03,+68.7500E-03
-1.0605000E+00,+3.1250E-03,+41.2500E-03,+53.1250E-03
-1.0600000E+00,+18.7500E-03,+47.5000E-03,+68.7500E-03
-1.0595000E+00,+3.1250E-03,+41.2500E-03,+53.1250E-03
-1.0590000E+00,+3.1250E-03,+41.2500E-03,+84.3750E-03
-1.0585000E+00,+18.7500E-03,+41.2500E-03,+53.1250E-03
-1.0580000E+00,+18.7500E-03,+47.5000E-03,+53.1250E-03
-1.0575000E+00,+3.1250E-03,+53.7500E-03,+84.3750E-03
-1.0570000E+00,+34.3750E-03,+47.5000E-03,+53.1250E-03
-1.0565000E+00,+18.7500E-03,+41.2500E-03,+100.0000E-03
-1.0560000E+00,+18.7500E-03,+47.5000E-03,+68.7500E-03
-1.0555000E+00,+3.1250E-03,+47.5000E-03,+68.7500E-03
-1.0550000E+00,+3.1250E-03,+41.2500E-03,+68.7500E-03
-1.0545000E+00,+34.3750E-03,+41.2500E-03,+68.7500E-03
-1.0540000E+00,+18.7500E-03,+53.7500E-03,+84.3750E-03
-1.0535000E+00,+3.1250E-03,+41.2500E-03,+53.1250E-03
-1.0530000E+00,+18.7500E-03,+47.5000E-03,+53.1250E-03
-1.0525000E+00,+18.7500E-03,+35.0000E-03,+68.7500E-03
-1.0520000E+00,+18.7500E-03,+35.0000E-03,+84.3750E-03
-1.0515000E+00,+18.7500E-03,+41.2500E-03,+68.7500E-03
-1.0510000E+00,+18.7500E-03,+41.2500E-03,+84.3750E-03
-1.0505000E+00,+3.1250E-03,+47.5000E-03,+68.7500E-03
-1.0500000E+00,+3.1250E-03,+41.2500E-03,+53.1250E-03
-1.0495000E+00,+18.7500E-03,+53.7500E-03,+53.1250E-03
-1.0490000E+00,+18.7500E-03,+41.2500E-03,+84.3750E-03
-1.0485000E+00,-12.5000E-03,+47.5000E-03,+68.7500E-03
-1.0480000E+00,+18.7500E-03,+41.2500E-03,+53.1250E-03
-1.0475000E+00,+3.1250E-03,+41.2500E-03,+84.3750E-03
-1.0470000E+00,+3.1250E-03,+41.2500E-03,+53.1250E-03
-1.0465000E+00,+18.7500E-03,+47.5000E-03,+68.7500E-03
-1.0460000E+00,+34.3750E-03,+47.5000E-03,+84.3750E-03
-1.0455000E+00,+18.7500E-03,+41.2500E-03,+68.7500E-03
-1.0450000E+00,+34.3750E-03,+41.2500E-03,+84.3750E-03
-1.0445000E+00,+34.3750E-03,+41.2500E-03,+84.3750E-03
-1.0440000E+00,+18.7500E-03,+41.2500E-03,+68.7500E-03
-1.0435000E+00,+18.7500E-03,+41.2500E-03,+53.1250E-03
-1.0430000E+00,+18.7500E-03,+53.7500E-03,+68.7500E-03
-1.0425000E+00,+34.3750E-03,+41.2500E-03,+68.7500E-03
-1.0420000E+00,+34.3750E-03,+47.5000E-03,+84.3750E-03
-1.0415000E+00,+50.0000E-03,+41.2500E-03,+68.7500E-03
-1.0410000E+00,+34.3750E-03,+41.2500E-03,+84.3750E-03
-1.0405000E+00,+50.0000E-03,+35.0000E-03,+68.7500E-03
-1.0400000E+00,+34.3750E-03,+47.5000E-03,+53.1250E-03
-1.0395000E+00,+18.7500E-03,+28.7500E-03,+68.7500E-03
-1.0390000E+00,+34.3750E-03,+41.2500E-03,+68.7500E-03
-1.0385000E+00,+50.0000E-03,+41.2500E-03,+68.7500E-03
-1.0380000E+00,+34.3750E-03,+41.2500E-03,+68.7500E-03
-1.0375000E+00,+50.0000E-03,+47.5000E-03,+68.7500E-03
-1.0370000E+00,+34.3750E-03,+35.0000E-03,+68.7500E-03
-1.0365000E+00,+34.3750E-03,+47.5000E-03,+84.3750E-03
-1.0360000E+00,+34.3750E-03,+47.5000E-03,+68.7500E-03
-1.0355000E+00,+50.0000E-03,+35.0000E-03,+84.3750E-03
-1.0350000E+00,+34.3750E-03,+47.5000E-03,+84.3750E-03
-1.0345000E+00,+18.7500E-03,+41.2500E-03,+68.7500E-03
-1.0340000E+00,+50.0000E-03,+35.0000E-03,+68.7500E-03
-1.0335000E+00,+18.7500E-03,+47.5000E-03,+68.7500E-03
-1.0330000E+00,+34.3750E-03,+47.5000E-03,+84.3750E-03
-1.0325000E+00,+18.7500E-03,+41.2500E-03,+68.7500E-03
-1.0320000E+00,+34.3750E-03,+47.5000E-03,+84.3750E-03
-1.0315000E+00,+3.1250E-03,+41.2500E-03,+53.1250E-03
-1.0310000E+00,+18.7500E-03,+41.2500E-03,+68.7500E-03
-1.0305000E+00,+18.7500E-03,+41.2500E-03,+68.7500E-03
-1.0300000E+00,+18.7500E-03,+41.2500E-03,+84.3750E-03
-1.0295000E+00,+18.7500E-03,+47.5000E-03,+68.7500E-03
-1.0290000E+00,+3.1250E-03,+53.7500E-03,+53.1250E-03
-1.0285000E+00,+3.1250E-03,+41.2500E-03,+68.7500E-03
-1.0280000E+00,+18.7500E-03,+41.2500E-03,+53.1250E-03
-1.0275000E+00,+34.3750E-03,+41.2500E-03,+53.1250E-03
-1.0270000E+00,+18.7500E-03,+41.2500E-03,+68.7500E-03
-1.0265000E+00,+3.1250E-03,+47.5000E-03,+68.7500E-03
-1.0260000E+00,+3.1250E-03,+41.2500E-03,+53.1250E-03
-1.0255000E+00,+18.7500E-03,+41.2500E-03,+84.3750E-03
-1.0250000E+00,+3.1250E-03,+35.0000E-03,+53.1250E-03
-1.0245000E+00,+18.7500E-03,+41.2500E-03,+68.7500E-03
-1.0240000E+00,+18.7500E-03,+41.2500E-03,+68.7500E-03
-1.0235000E+00,+18.7500E-03,+35.0000E-03,+84.3750E-03
-1.0230000E+00,+3.1250E-03,+47.5000E-03,+84.3750E-03
-1.0225000E+00,+3.1250E-03,+41.2500E-03,+68.7500E-03
-1.0220000E+00,+34.3750E-03,+41.2500E-03,+84.3750E-03
-1.0215000E+00,+18.7500E-03,+35.0000E-03,+53.1250E-03
-1.0210000E+00,+18.7500E-03,+35.0000E-03,+53.1250E-03
-1.0205000E+00,+18.7500E-03,+41.2500E-03,+84.3750E-03
-1.0200000E+00,-12.5000E-03,+47.5000E-03,+84.3750E-03
-1.0195000E+00,+34.3750E-03,+35.0000E-03,+68.7500E-03
-1.0190000E+00,+18.7500E-03,+47.5000E-03,+68.7500E-03
-1.0185000E+00,+18.7500E-03,+41.2500E-03,+53.1250E-03
-1.0180000E+00,+18.7500E-03,+47.5000E-03,+68.7500E-03
-1.0175000E+00,+3.1250E-03,+35.0000E-03,+53.1250E-03
-1.0170000E+00,+3.1250E-03,+47.5000E-03,+68.7500E-03
-1.0165000E+00,+18.7500E-03,+41.2500E-03,+68.7500E-03
-1.0160000E+00,+18.7500E-03,+47.5000E-03,+68.7500E-03
-1.0155000E+00,+18.7500E-03,+47.5000E-03,+84.3750E-03
-1.0150000E+00,+34.3750E-03,+47.5000E-03,+84.3750E-03
-1.0145000E+00,+34.3750E-03,+47.5000E-03,+84.3750E-03
-1.0140000E+00,+18.7500E-03,+47.5000E-03,+68.7500E-03
-1.0135000E+00,+34.3750E-03,+53.7500E-03,+53.1250E-03
-1.0130000E+00,+18.7500E-03,+41.2500E-03,+68.7500E-03
-1.0125000E+00,+34.3750E-03,+41.2500E-03,+84.3750E-03
-1.0120000E+00,+50.0000E-03,+41.2500E-03,+68.7500E-03
-1.0115000E+00,+65.6250E-03,+35.0000E-03,+68.7500E-03
-1.0110000E+00,+65.6250E-03,+41.2500E-03,+84.3750E-03
-1.0105000E+00,+81.2500E-03,+53.7500E-03,+84.3750E-03
-1.0100000E+00,+65.6250E-03,+53.7500E-03,+84.3750E-03
-1.0095000E+00,+81.2500E-03,+53.7500E-03,+68.7500E-03
-1.0090000E+00,+65.6250E-03,+47.5000E-03,+53.1250E-03
-1.0085000E+00,+65.6250E-03,+53.7500E-03,+84.3750E-03
-1.0080000E+00,+65.6250E-03,+47.5000E-03,+68.7500E-03
-1.0075000E+00,+65.6250E-03,+35.0000E-03,+84.3750E-03
-1.0070000E+00,+50.0000E-03,+41.2500E-03,+53.1250E-03
-1.0065000E+00,+50.0000E-03,+41.2500E-03,+68.7500E-03
-1.0060000E+00,+50.0000E-03,+53.7500E-03,+68.7500E-03
-1.0055000E+00,+50.0000E-03,+41.2500E-03,+53.1250E-03
-1.0050000E+00,+34.3750E-03,+47.5000E-03,+84.3750E-03
-1.0045000E+00,+50.0000E-03,+41.2500E-03,+68.7500E-03
-1.0040000E+00,+50.0000E-03,+35.0000E-03,+68.7500E-03
-1.0035000E+00,+34.3750E-03,+47.5000E-03,+68.7500E-03
-1.0030000E+00,+50.0000E-03,+47.5000E-03,+84.3750E-03
-1.0025000E+00,+34.3750E-03,+41.2500E-03,+84.3750E-03
-1.0020000E+00,+50.0000E-03,+41.2500E-03,+68.7500E-03
-1.0015000E+00,+50.0000E-03,+47.5000E-03,+84.3750E-03
-1.0010000E+00,+34.3750E-03,+41.2500E-03,+84.3750E-03
-1.0005000E+00,+18.7500E-03,+41.2500E-03,+84.3750E-03
-1.0000000E+00,+34.3750E-03,+41.2500E-03,+84.3750E-03
-999.5000E-03,+34.3750E-03,+41.2500E-03,+84.3750E-03
-999.0000E-03,+34.3750E-03,+41.2500E-03,+68.7500E-03
-998.5000E-03,+18.7500E-03,+41.2500E-03,+53.1250E-03
-998.0000E-03,+34.3750E-03,+35.0000E-03,+100.0000E-03
-997.5000E-03,+3.1250E-03,+35.0000E-03,+84.3750E-03
-997.0000E-03,+18.7500E-03,+41.2500E-03,+68.7500E-03
-996.5000E-03,+3.1250E-03,+47.5000E-03,+68.7500E-03
-996.0000E-03,+18.7500E-03,+47.5000E-03,+68.7500E-03
-995.5000E-03,+34.3750E-03,+41.2500E-03,+84.3750E-03
-995.0000E-03,+18.7500E-03,+47.5000E-03,+68.7500E-03
-994.5000E-03,+18.7500E-03,+41.2500E-03,+100.0000E-03
-994.0000E-03,+34.3750E-03,+53.7500E-03,+68.7500E-03
-993.5000E-03,+34.3750E-03,+41.2500E-03,+84.3750E-03
-993.0000E-03,+18.7500E-03,+47.5000E-03,+37.5000E-03
-992.5000E-03,+34.3750E-03,+47.5000E-03,+84.3750E-03
-992.0000E-03,+3.1250E-03,+35.0000E-03,+68.7500E-03
-991.5000E-03,+34.3750E-03,+41.2500E-03,+68.7500E-03
-991.0000E-03,+34.3750E-03,+35.0000E-03,+100.0000E-03
-990.5000E-03,+34.3750E-03,+41.2500E-03,+53.1250E-03
-990.0000E-03,+34.3750E-03,+41.2500E-03,+84.3750E-03
-989.5000E-03,+34.3750E-03,+47.5000E-03,+68.7500E-03
-989.0000E-03,+34.3750E-03,+41.2500E-03,+84.3750E-03
-988.5000E-03,+18.7500E-03,+47.5000E-03,+53.1250E-03
-988.0000E-03,+18.7500E-03,+47.5000E-03,+68.7500E-03
-987.5000E-03,+50.0000E-03,+35.0000E-03,+84.3750E-03
-987.0000E-03,+18.7500E-03,+41.2500E-03,+68.7500E-03
-986.5000E-03,+34.3750E-03,+53.7500E-03,+68.7500E-03
-986.0000E-03,+18.7500E-03,+35.0000E-03,+68.7500E-03
-985.5000E-03,+3.1250E-03,+41.2500E-03,+84.3750E-03
-985.0000E-03,+18.7500E-03,+41.2500E-03,+68.7500E-03
-984.5000E-03,+18.7500E-03,+47.5000E-03,+84.3750E-03
-984.0000E-03,+3.1250E-03,+41.2500E-03,+84.3750E-03
-983.5000E-03,+18.7500E-03,+47.5000E-03,+53.1250E-03
-983.0000E-03,+3.1250E-03,+41.2500E-03,+84.3750E-03
-982.5000E-03,+18.7500E-03,+41.2500E-03,+84.3750E-03
-982.0000E-03,+34.3750E-03,+47.5000E-03,+84.3750E-03
-981.5000E-03,+18.7500E-03,+53.7500E-03,+68.7500E-03
-981.0000E-03,+18.7500E-03,+47.5000E-03,+68.7500E-03
-980.5000E-03,+18.7500E-03,+47.5000E-03,+84.3750E-03
-980.0000E-03,+3.1250E-03,+47.5000E-03,+68.7500E-03
-979.5000E-03,+50.0000E-03,+41.2500E-03,+68.7500E-03
-979.0000E-03,+34.3750E-03,+41.2500E-03,+84.3750E-03
-978.5000E-03,+34.3750E-03,+47.5000E-03,+53.1250E-03
-978.0000E-03,+50.0000E-03,+41.2500E-03,+68.7500E-03
-977.5000E-03,+50.0000E-03,+47.5000E-03,+68.7500E-03
-977.0000E-03,+50.0000E-03,+35.0000E-03,+68.7500E-03
-976.5000E-03,+65.6250E-03,+41.2500E-03,+84.3750E-03
-976.0000E-03,+65.6250E-03,+41.2500E-03,+68.7500E-03
-975.5000E-03,+96.8750E-03,+41.2500E-03,+68.7500E-03
-975.0000E-03,+65.6250E-03,+41.2500E-03,+68.7500E-03
-974.5000E-03,+96.8750E-03,+41.2500E-03,+68.7500E-03
-974.0000E-03,+96.8750E-03,+41.2500E-03,+68.7500E-03
-973.5000E-03,+128.1250E-03,+35.0000E-03,+68.7500E-03
-973.0000E-03,+128.1250E-03,+41.2500E-03,+68.7500E-03
-972.5000E-03,+159.3750E-03,+47.5000E-03,+53.1250E-03
-972.0000E-03,+206.2500E-03,+47.5000E-03,+84.3750E-03
-971.5000E-03,+253.1250E-03,+41.2500E-03,+84.3750E-03
-971.0000E-03,+253.1250E-03,+47.5000E-03,+100.0000E-03
-970.5000E-03,+315.6250E-03,+41.2500E-03,+84.3750E-03
-970.0000E-03,+346.8750E-03,+60.0000E-03,+68.7500E-03
-969.5000E-03,+362.5000E-03,+41.2500E-03,+84.3750E-03
-969.0000E-03,+3.1250E-03,+41.2500E-03,+84.3750E-03
-968.5000E-03,+18.7500E-03,+47.5000E-03,+84.3750E-03
-968.0000E-03,+3.1250E-03,+47.5000E-03,+68.7500E-03
-967.5000E-03,+18.7500E-03,+35.0000E-03,+68.7500E-03
-967.0000E-03,+18.7500E-03,+28.7500E-03,+84.3750E-03
-966.5000E-03,+18.7500E-03,+41.2500E-03,+68.7500E-03
-966.0000E-03,+18.7500E-03,+47.5000E-03,+100.0000E-03
-965.5000E-03,+3.1250E-03,+47.5000E-03,+68.7500E-03
-965.0000E-03,+18.7500E-03,+41.2500E-03,+37.5000E-03
-964.5000E-03,+3.1250E-03,+41.2500E-03,+68.7500E-03
-964.0000E-03,+18.7500E-03,+53.7500E-03,+84.3750E-03
-963.5000E-03,+18.7500E-03,+41.2500E-03,+68.7500E-03
-963.0000E-03,+18.7500E-03,+47.5000E-03,+68.7500E-03
-962.5000E-03,+3.1250E-03,+41.2500E-03,+84.3750E-03
-962.0000E-03,+3.1250E-03,+41.2500E-03,+84.3750E-03
-961.5000E-03,+3.1250E-03,+41.2500E-03,+68.7500E-03
-961.0000E-03,+3.1250E-03,+53.7500E-03,+84.3750E-03
-960.5000E-03,+18.7500E-03,+41.2500E-03,+68.7500E-03
-960.0000E-03,+34.3750E-03,+47.5000E-03,+100.0000E-03
-959.5000E-03,+34.3750E-03,+41.2500E-03,+100.0000E-03
-959.0000E-03,+3.1250E-03,+47.5000E-03,+84.3750E-03
-958.5000E-03,+18.7500E-03,+41.2500E-03,+68.7500E-03
-958.0000E-03,+50.0000E-03,+41.2500E-03,+68.7500E-03
-957.5000E-03,+81.2500E-03,+41.2500E-03,+68.7500E-03
-957.0000E-03,+96.8750E-03,+53.7500E-03,+84.3750E-03
-956.5000E-03,+143.7500E-03,+47.5000E-03,+68.7500E-03
-956.0000E-03,+190.6250E-03,+110.0000E-03,+84.3750E-03
-955.5000E-03,+175.0000E-03,+47.5000E-03,+68.7500E-03
-955.0000E-03,+175.0000E-03,+47.5000E-03,+68.7500E-03
-954.5000E-03,+143.7500E-03,+47.5000E-03,+84.3750E-03
-954.0000E-03,+159.3750E-03,+41.2500E-03,+84.3750E-03
-953.5000E-03,+143.7500E-03,+41.2500E-03,+68.7500E-03
-953.0000E-03,+143.7500E-03,+35.0000E-03,+84.3750E-03
-952.5000E-03,+175.0000E-03,+41.2500E-03,+100.0000E-03
-952.0000E-03,+128.1250E-03,+41.2500E-03,+84.3750E-03
-951.5000E-03,+128.1250E-03,+41.2500E-03,+84.3750E-03
-951.0000E-03,+128.1250E-03,+41.2500E-03,+84.3750E-03
-950.5000E-03,+128.1250E-03,+60.0000E-03,+84.3750E-03
-950.0000E-03,+128.1250E-03,+47.5000E-03,+84.3750E-03
-949.5000E-03,+128.1250E-03,+47.5000E-03,+100.0000E-03
-949.0000E-03,+128.1250E-03,+47.5000E-03,+100.0000E-03
-948.5000E-03,+143.7500E-03,+53.7500E-03,+100.0000E-03
-948.0000E-03,+128.1250E-03,+41.2500E-03,+100.0000E-03
-947.5000E-03,+96.8750E-03,+60.0000E-03,+100.0000E-03
-947.0000E-03,+112.5000E-03,+41.2500E-03,+100.0000E-03
-946.5000E-03,+96.8750E-03,+47.5000E-03,+100.0000E-03
-946.0000E-03,+112.5000E-03,+47.5000E-03,+131.2500E-03
-945.5000E-03,+143.7500E-03,+35.0000E-03,+115.6250E-03
-945.0000E-03,+128.1250E-03,+47.5000E-03,+115.6250E-03
-944.5000E-03,+112.5000E-03,+47.5000E-03,+131.2500E-03
-944.0000E-03,+112.5000E-03,+41.2500E-03,+115.6250E-03
-943.5000E-03,+112.5000E-03,+41.2500E-03,+115.6250E-03
-943.0000E-03,+143.7500E-03,+35.0000E-03,+115.6250E-03
-942.5000E-03,+128.1250E-03,+47.5000E-03,+131.2500E-03
-942.0000E-03,+112.5000E-03,+35.0000E-03,+146.8750E-03
-941.5000E-03,+112.5000E-03,+41.2500E-03,+131.2500E-03
-941.0000E-03,+159.3750E-03,+41.2500E-03,+146.8750E-03
-940.5000E-03,+159.3750E-03,+47.5000E-03,+131.2500E-03
-940.0000E-03,+175.0000E-03,+41.2500E-03,+131.2500E-03
-939.5000E-03,+190.6250E-03,+47.5000E-03,+162.5000E-03
-939.0000E-03,+206.2500E-03,+41.2500E-03,+146.8750E-03
-938.5000E-03,+237.5000E-03,+53.7500E-03,+162.5000E-03
-938.0000E-03,+237.5000E-03,+41.2500E-03,+162.5000E-03
-937.5000E-03,+237.5000E-03,+41.2500E-03,+162.5000E-03
-937.0000E-03,+253.1250E-03,+35.0000E-03,+162.5000E-03
-936.5000E-03,+268.7500E-03,+35.0000E-03,+146.8750E-03
-936.0000E-03,+268.7500E-03,+47.5000E-03,+178.1250E-03
-935.5000E-03,+284.3750E-03,+41.2500E-03,+178.1250E-03
-935.0000E-03,+315.6250E-03,+41.2500E-03,+178.1250E-03
-934.5000E-03,+315.6250E-03,+47.5000E-03,+178.1250E-03
-934.0000E-03,+284.3750E-03,+47.5000E-03,+178.1250E-03
-933.5000E-03,+315.6250E-03,+47.5000E-03,+178.1250E-03
-933.0000E-03,+331.2500E-03,+53.7500E-03,+178.1250E-03
-932.5000E-03,+346.8750E-03,+41.2500E-03,+193.7500E-03
-932.0000E-03,+331.2500E-03,+41.2500E-03,+193.7500E-03
-931.5000E-03,+18.7500E-03,+41.2500E-03,+193.7500E-03
-931.0000E-03,+3.1250E-03,+47.5000E-03,+209.3750E-03
-930.5000E-03,+34.3750E-03,+47.5000E-03,+225.0000E-03
-930.0000E-03,+18.7500E-03,+41.2500E-03,+225.0000E-03
-929.5000E-03,+3.1250E-03,+53.7500E-03,+225.0000E-03
-929.0000E-03,+34.3750E-03,+35.0000E-03,+209.3750E-03
-928.5000E-03,+34.3750E-03,+35.0000E-03,+209.3750E-03
-928.0000E-03,-12.5000E-03,+47.5000E-03,+193.7500E-03
-927.5000E-03,+34.3750E-03,+47.5000E-03,+240.6250E-03
-927.0000E-03,+3.1250E-03,+35.0000E-03,+240.6250E-03
-926.5000E-03,+34.3750E-03,+41.2500E-03,+225.0000E-03
-926.0000E-03,+18.7500E-03,+47.5000E-03,+240.6250E-03
-925.5000E-03,+18.7500E-03,+53.7500E-03,+225.0000E-03
-925.0000E-03,+3.1250E-03,+103.7500E-03,+240.6250E-03
-924.5000E-03,+3.1250E-03,+97.5000E-03,+256.2500E-03
-924.0000E-03,+18.7500E-03,+66.2500E-03,+271.8750E-03
-923.5000E-03,+18.7500E-03,+53.7500E-03,+271.8750E-03
-923.0000E-03,+18.7500E-03,+47.5000E-03,+271.8750E-03
-922.5000E-03,+18.7500E-03,+110.0000E-03,+271.8750E-03
-922.0000E-03,+34.3750E-03,+35.0000E-03,+271.8750E-03
-921.5000E-03,+34.3750E-03,+35.0000E-03,+287.5000E-03
-921.0000E-03,+65.6250E-03,+47.5000E-03,+287.5000E-03
-920.5000E-03,+50.0000E-03,+41.2500E-03,+271.8750E-03
-920.0000E-03,+50.0000E-03,+41.2500E-03,+303.1250E-03
-919.5000E-03,+34.3750E-03,+35.0000E-03,+318.7500E-03
-919.0000E-03,+50.0000E-03,+41.2500E-03,+318.7500E-03
-918.5000E-03,+50.0000E-03,+41.2500E-03,+334.3750E-03
-918.0000E-03,+34.3750E-03,+47.5000E-03,+334.3750E-03
-917.5000E-03,+18.7500E-03,+35.0000E-03,+350.0000E-03
-917.0000E-03,+34.3750E-03,+122.5000E-03,+381.2500E-03
-916.5000E-03,+34.3750E-03,+191.2500E-03,+365.6250E-03
-916.0000E-03,+34.3750E-03,+166.2500E-03,+381.2500E-03
-915.5000E-03,+65.6250E-03,+78.7500E-03,+396.8750E-03
-915.0000E-03,+34.3750E-03,+66.2500E-03,+381.2500E-03
-914.5000E-03,+50.0000E-03,+60.0000E-03,+396.8750E-03
-914.0000E-03,+34.3750E-03,+47.5000E-03,+381.2500E-03
-913.5000E-03,+34.3750E-03,+47.5000E-03,+396.8750E-03
-913.0000E-03,+18.7500E-03,+53.7500E-03,+396.8750E-03
-912.5000E-03,+34.3750E-03,+41.2500E-03,+396.8750E-03
-912.0000E-03,+34.3750E-03,+47.5000E-03,+412.5000E-03
-911.5000E-03,+65.6250E-03,+47.5000E-03,+396.8750E-03
-911.0000E-03,+34.3750E-03,+35.0000E-03,+396.8750E-03
-910.5000E-03,+18.7500E-03,+60.0000E-03,+412.5000E-03
-910.0000E-03,+34.3750E-03,+35.0000E-03,+428.1250E-03
-909.5000E-03,+34.3750E-03,+47.5000E-03,+412.5000E-03
-909.0000E-03,+34.3750E-03,+41.2500E-03,+428.1250E-03
-908.5000E-03,+34.3750E-03,+47.5000E-03,+428.1250E-03
-908.0000E-03,+34.3750E-03,+41.2500E-03,+428.1250E-03
-907.5000E-03,+34.3750E-03,+47.5000E-03,+443.7500E-03
-907.0000E-03,+3.1250E-03,+47.5000E-03,+443.7500E-03
-906.5000E-03,+18.7500E-03,+53.7500E-03,+443.7500E-03
-906.0000E-03,+34.3750E-03,+47.5000E-03,+459.3750E-03
-905.5000E-03,+3.1250E-03,+41.2500E-03,+443.7500E-03
-905.0000E-03,+34.3750E-03,+47.5000E-03,+443.7500E-03
-904.5000E-03,+34.3750E-03,+47.5000E-03,+443.7500E-03
-904.0000E-03,+34.3750E-03,+47.5000E-03,+443.7500E-03
-903.5000E-03,+18.7500E-03,+41.2500E-03,+459.3750E-03
-903.0000E-03,+18.7500E-03,+35.0000E-03,+428.1250E-03
-902.5000E-03,+50.0000E-03,+41.2500E-03,+428.1250E-03
-902.0000E-03,+34.3750E-03,+47.5000E-03,+443.7500E-03
-901.5000E-03,+18.7500E-03,+35.0000E-03,+443.7500E-03
-901.0000E-03,+18.7500E-03,+47.5000E-03,+412.5000E-03
-900.5000E-03,+34.3750E-03,+41.2500E-03,+459.3750E-03
-900.0000E-03,+34.3750E-03,+41.2500E-03,+443.7500E-03
-899.5000E-03,+18.7500E-03,+35.0000E-03,+443.7500E-03
-899.0000E-03,+18.7500E-03,+41.2500E-03,+459.3750E-03
-898.5000E-03,+34.3750E-03,+41.2500E-03,+459.3750E-03
-898.0000E-03,+34.3750E-03,+41.2500E-03,+459.3750E-03
-897.5000E-03,+18.7500E-03,+47.5000E-03,+459.3750E-03
-897.0000E-03,+50.0000E-03,+41.2500E-03,+459.3750E-03
-896.5000E-03,+3.1250E-03,+41.2500E-03,+443.7500E-03
-896.0000E-03,+18.7500E-03,+41.2500E-03,+443.7500E-03
-895.5000E-03,+18.7500E-03,+47.5000E-03,+443.7500E-03
-895.0000E-03,+34.3750E-03,+41.2500E-03,+443.7500E-03
-894.5000E-03,+34.3750E-03,+41.2500E-03,+475.0000E-03
-894.0000E-03,+18.7500E-03,+47.5000E-03,+443.7500E-03
-893.5000E-03,+34.3750E-03,+47.5000E-03,+459.3750E-03
-893.0000E-03,+34.3750E-03,+47.5000E-03,+443.7500E-03
-892.5000E-03,+18.7500E-03,+41.2500E-03,+475.0000E-03
-892.0000E-03,+50.0000E-03,+47.5000E-03,+475.0000E-03
-891.5000E-03,+18.7500E-03,+41.2500E-03,+459.3750E-03
-891.0000E-03,+34.3750E-03,+35.0000E-03,+443.7500E-03
-890.5000E-03,+34.3750E-03,+41.2500E-03,+459.3750E-03
-890.0000E-03,+34.3750E-03,+47.5000E-03,+459.3750E-03
-889.5000E-03,+18.7500E-03,+41.2500E-03,+443.7500E-03
-889.0000E-03,+18.7500E-03,+47.5000E-03,+459.3750E-03
-888.5000E-03,+65.6250E-03,+47.5000E-03,+490.6250E-03
-888.0000E-03,+34.3750E-03,+35.0000E-03,+459.3750E-03
-887.5000E-03,+50.0000E-03,+41.2500E-03,+459.3750E-03
-887.0000E-03,+65.6250E-03,+47.5000E-03,+459.3750E-03
-886.5000E-03,+50.0000E-03,+41.2500E-03,+475.0000E-03
-886.0000E-03,+50.0000E-03,+35.0000E-03,+459.3750E-03
-885.5000E-03,+81.2500E-03,+41.2500E-03,+459.3750E-03
-885.0000E-03,+65.6250E-03,+41.2500E-03,+459.3750E-03
-884.5000E-03,+96.8750E-03,+41.2500E-03,+475.0000E-03
-884.0000E-03,+65.6250E-03,+41.2500E-03,+475.0000E-03
-883.5000E-03,+96.8750E-03,+47.5000E-03,+459.3750E-03
-883.0000E-03,+81.2500E-03,+41.2500E-03,+459.3750E-03
-882.5000E-03,+65.6250E-03,+41.2500E-03,+459.3750E-03
-882.0000E-03,+65.6250E-03,+47.5000E-03,+443.7500E-03
-881.5000E-03,+112.5000E-03,+35.0000E-03,+490.6250E-03
-881.0000E-03,+128.1250E-03,+41.2500E-03,+459.3750E-03
-880.5000E-03,+96.8750E-03,+41.2500E-03,+459.3750E-03
-880.0000E-03,+96.8750E-03,+35.0000E-03,+459.3750E-03
-879.5000E-03,+96.8750E-03,+47.5000E-03,+443.7500E-03
-879.0000E-03,+81.2500E-03,+35.0000E-03,+475.0000E-03
-878.5000E-03,+96.8750E-03,+41.2500E-03,+459.3750E-03
-878.0000E-03,+81.2500E-03,+41.2500E-03,+459.3750E-03
-877.5000E-03,+112.5000E-03,+41.2500E-03,+459.3750E-03
-877.0000E-03,+112.5000E-03,+47.5000E-03,+459.3750E-03
-876.5000E-03,+112.5000E-03,+41.2500E-03,+459.3750E-03
-876.0000E-03,+143.7500E-03,+41.2500E-03,+459.3750E-03
-875.5000E-03,+128.1250E-03,+41.2500E-03,+459.3750E-03
-875.0000E-03,+128.1250E-03,+41.2500E-03,+443.7500E-03
-874.5000E-03,+128.1250E-03,+41.2500E-03,+490.6250E-03
-874.0000E-03,+128.1250E-03,+41.2500E-03,+459.3750E-03
-873.5000E-03,+128.1250E-03,+47.5000E-03,+459.3750E-03
-873.0000E-03,+143.7500E-03,+47.5000E-03,+459.3750E-03
-872.5000E-03,+128.1250E-03,+41.2500E-03,+459.3750E-03
-872.0000E-03,+159.3750E-03,+47.5000E-03,+475.0000E-03
-871.5000E-03,+159.3750E-03,+41.2500E-03,+475.0000E-03
-871.0000E-03,+159.3750E-03,+41.2500E-03,+443.7500E-03
-870.5000E-03,+175.0000E-03,+47.5000E-03,+475.0000E-03
-870.0000E-03,+175.0000E-03,+41.2500E-03,+459.3750E-03
-869.5000E-03,+159.3750E-03,+41.2500E-03,+475.0000E-03
-869.0000E-03,+159.3750E-03,+41.2500E-03,+475.0000E-03
-868.5000E-03,+159.3750E-03,+47.5000E-03,+459.3750E-03
-868.0000E-03,+159.3750E-03,+41.2500E-03,+443.7500E-03
-867.5000E-03,+175.0000E-03,+47.5000E-03,+459.3750E-03
-867.0000E-03,+159.3750E-03,+41.2500E-03,+490.6250E-03
-866.5000E-03,+128.1250E-03,+41.2500E-03,+443.7500E-03
-866.0000E-03,+143.7500E-03,+47.5000E-03,+490.6250E-03
-865.5000E-03,+128.1250E-03,+41.2500E-03,+475.0000E-03
-865.0000E-03,+143.7500E-03,+41.2500E-03,+459.3750E-03
-864.5000E-03,+128.1250E-03,+35.0000E-03,+475.0000E-03
-864.0000E-03,+159.3750E-03,+47.5000E-03,+475.0000E-03
-863.5000E-03,+143.7500E-03,+47.5000E-03,+459.3750E-03
-863.0000E-03,+143.7500E-03,+41.2500E-03,+459.3750E-03
-862.5000E-03,+143.7500E-03,+47.5000E-03,+443.7500E-03
-862.0000E-03,+143.7500E-03,+47.5000E-03,+459.3750E-03
-861.5000E-03,+159.3750E-03,+41.2500E-03,+475.0000E-03
-861.0000E-03,+175.0000E-03,+41.2500E-03,+459.3750E-03
-860.5000E-03,+175.0000E-03,+41.2500E-03,+443.7500E-03
-860.0000E-03,+159.3750E-03,+60.0000E-03,+459.3750E-03
-859.5000E-03,+175.0000E-03,+41.2500E-03,+475.0000E-03
-859.0000E-03,+175.0000E-03,+47.5000E-03,+459.3750E-03
-858.5000E-03,+190.6250E-03,+41.2500E-03,+490.6250E-03
-858.0000E-03,+175.0000E-03,+47.5000E-03,+475.0000E-03
-857.5000E-03,+190.6250E-03,+41.2500E-03,+459.3750E-03
-857.0000E-03,+190.6250E-03,+47.5000E-03,+490.6250E-03
-856.5000E-03,+206.2500E-03,+41.2500E-03,+459.3750E-03
-856.0000E-03,+190.6250E-03,+41.2500E-03,+459.3750E-03
-855.5000E-03,+190.6250E-03,+47.5000E-03,+475.0000E-03
-855.0000E-03,+190.6250E-03,+41.2500E-03,+475.0000E-03
-854.5000E-03,+206.2500E-03,+41.2500E-03,+475.0000E-03
-854.0000E-03,+175.0000E-03,+47.5000E-03,+459.3750E-03
-853.5000E-03,+159.3750E-03,+47.5000E-03,+459.3750E-03
-853.0000E-03,+190.6250E-03,+41.2500E-03,+475.0000E-03
-852.5000E-03,+206.2500E-03,+47.5000E-03,+475.0000E-03
-852.0000E-03,+175.0000E-03,+41.2500E-03,+475.0000E-03
-851.5000E-03,+190.6250E-03,+41.2500E-03,+475.0000E-03
-851.0000E-03,+175.0000E-03,+35.0000E-03,+459.3750E-03
-850.5000E-03,+206.2500E-03,+47.5000E-03,+475.0000E-03
-850.0000E-03,+175.0000E-03,+47.5000E-03,+475.0000E-03
-849.5000E-03,+175.0000E-03,+41.2500E-03,+475.0000E-03
-849.0000E-03,+190.6250E-03,+47.5000E-03,+475.0000E-03
-848.5000E-03,+175.0000E-03,+47.5000E-03,+459.3750E-03
-848.0000E-03,+190.6250E-03,+53.7500E-03,+490.6250E-03
-847.5000E-03,+190.6250E-03,+41.2500E-03,+490.6250E-03
-847.0000E-03,+159.3750E-03,+47.5000E-03,+459.3750E-03
-846.5000E-03,+190.6250E-03,+35.0000E-03,+475.0000E-03
-846.0000E-03,+175.0000E-03,+41.2500E-03,+459.3750E-03
-845.5000E-03,+159.3750E-03,+41.2500E-03,+443.7500E-03
-845.0000E-03,+175.0000E-03,+28.7500E-03,+475.0000E-03
-844.5000E-03,+190.6250E-03,+28.7500E-03,+459.3750E-03
-844.0000E-03,+159.3750E-03,+41.2500E-03,+459.3750E-03
-843.5000E-03,+159.3750E-03,+47.5000E-03,+443.7500E-03
-843.0000E-03,+190.6250E-03,+41.2500E-03,+459.3750E-03
-842.5000E-03,+237.5000E-03,+41.2500E-03,+475.0000E-03
-842.0000E-03,+221.8750E-03,+47.5000E-03,+475.0000E-03
-841.5000E-03,+237.5000E-03,+35.0000E-03,+459.3750E-03
-841.0000E-03,+237.5000E-03,+53.7500E-03,+459.3750E-03
-840.5000E-03,+268.7500E-03,+47.5000E-03,+459.3750E-03
-840.0000E-03,+284.3750E-03,+47.5000E-03,+459.3750E-03
-839.5000E-03,+300.0000E-03,+53.7500E-03,+475.0000E-03
-839.0000E-03,+331.2500E-03,+47.5000E-03,+475.0000E-03
-838.5000E-03,+346.8750E-03,+35.0000E-03,+459.3750E-03
-838.0000E-03,+331.2500E-03,+47.5000E-03,+475.0000E-03
-837.5000E-03,+331.2500E-03,+47.5000E-03,+459.3750E-03
-837.0000E-03,+331.2500E-03,+47.5000E-03,+443.7500E-03
-836.5000E-03,+331.2500E-03,+47.5000E-03,+443.7500E-03
-836.0000E-03,+346.8750E-03,+41.2500E-03,+459.3750E-03
-835.5000E-03,+300.0000E-03,+41.2500E-03,+459.3750E-03
-835.0000E-03,+331.2500E-03,+41.2500E-03,+475.0000E-03
-834.5000E-03,+346.8750E-03,+35.0000E-03,+490.6250E-03
-834.0000E-03,+315.6250E-03,+41.2500E-03,+459.3750E-03
-833.5000E-03,+331.2500E-03,+41.2500E-03,+459.3750E-03
-833.0000E-03,+3.1250E-03,+47.5000E-03,+475.0000E-03
-832.5000E-03,+3.1250E-03,+47.5000E-03,+443.7500E-03
-832.0000E-03,+3.1250E-03,+47.5000E-03,+475.0000E-03
-831.5000E-03,+18.7500E-03,+47.5000E-03,+459.3750E-03
-831.0000E-03,+18.7500E-03,+41.2500E-03,+475.0000E-03
-830.5000E-03,+3.1250E-03,+41.2500E-03,+459.3750E-03
-830.0000E-03,+18.7500E-03,+47.5000E-03,+443.7500E-03
-829.5000E-03,+34.3750E-03,+35.0000E-03,+459.3750E-03
-829.0000E-03,+3.1250E-03,+35.0000E-03,+459.3750E-03
-828.5000E-03,+3.1250E-03,+47.5000E-03,+459.3750E-03
-828.0000E-03,-12.5000E-03,+41.2500E-03,+459.3750E-03
-827.5000E-03,+18.7500E-03,+41.2500E-03,+459.3750E-03
-827.0000E-03,+34.3750E-03,+41.2500E-03,+490.6250E-03
-826.5000E-03,+3.1250E-03,+47.5000E-03,+459.3750E-03
-826.0000E-03,+18.7500E-03,+35.0000E-03,+459.3750E-03
-825.5000E-03,+18.7500E-03,+47.5000E-03,+443.7500E-03
-825.0000E-03,+34.3750E-03,+47.5000E-03,+459.3750E-03
-824.5000E-03,+18.7500E-03,+47.5000E-03,+459.3750E-03
-824.0000E-03,+3.1250E-03,+53.7500E-03,+459.3750E-03
-823.5000E-03,+18.7500E-03,+35.0000E-03,+475.0000E-03
-823.0000E-03,+34.3750E-03,+47.5000E-03,+475.0000E-03
-822.5000E-03,+34.3750E-03,+41.2500E-03,+475.0000E-03
-822.0000E-03,+18.7500E-03,+47.5000E-03,+459.3750E-03
-821.5000E-03,+18.7500E-03,+47.5000E-03,+475.0000E-03
-821.0000E-03,+18.7500E-03,+41.2500E-03,+459.3750E-03
-820.5000E-03,+18.7500E-03,+41.2500E-03,+475.0000E-03
-820.0000E-03,+18.7500E-03,+41.2500E-03,+443.7500E-03
-819.5000E-03,+18.7500E-03,+41.2500E-03,+475.0000E-03
-819.0000E-03,+34.3750E-03,+35.0000E-03,+459.3750E-03
-818.5000E-03,+18.7500E-03,+41.2500E-03,+459.3750E-03
-818.0000E-03,+18.7500E-03,+47.5000E-03,+475.0000E-03
-817.5000E-03,+18.7500E-03,+47.5000E-03,+459.3750E-03
-817.0000E-03,+18.7500E-03,+47.5000E-03,+475.0000E-03
-816.5000E-03,+34.3750E-03,+41.2500E-03,+475.0000E-03
-816.0000E-03,+34.3750E-03,+47.5000E-03,+475.0000E-03
-815.5000E-03,+3.1250E-03,+35.0000E-03,+475.0000E-03
-815.0000E-03,+3.1250E-03,+41.2500E-03,+459.3750E-03
-814.5000E-03,+18.7500E-03,+41.2500E-03,+459.3750E-03
-814.0000E-03,+50.0000E-03,+41.2500E-03,+459.3750E-03
-813.5000E-03,+3.1250E-03,+47.5000E-03,+459.3750E-03
-813.0000E-03,+34.3750E-03,+41.2500E-03,+475.0000E-03
-812.5000E-03,+50.0000E-03,+47.5000E-03,+475.0000E-03
-812.0000E-03,+50.0000E-03,+35.0000E-03,+475.0000E-03
-811.5000E-03,+50.0000E-03,+41.2500E-03,+459.3750E-03
-811.0000E-03,+34.3750E-03,+47.5000E-03,+428.1250E-03
-810.5000E-03,+34.3750E-03,+28.7500E-03,+428.1250E-03
-810.0000E-03,+65.6250E-03,+41.2500E-03,+490.6250E-03
-809.5000E-03,+65.6250E-03,+47.5000E-03,+475.0000E-03
-809.0000E-03,+81.2500E-03,+41.2500E-03,+459.3750E-03
-808.5000E-03,+65.6250E-03,+47.5000E-03,+475.0000E-03
-808.0000E-03,+65.6250E-03,+41.2500E-03,+475.0000E-03
-807.5000E-03,+65.6250E-03,+41.2500E-03,+459.3750E-03
-807.0000E-03,+65.6250E-03,+41.2500E-03,+490.6250E-03
-806.5000E-03,+81.2500E-03,+41.2500E-03,+459.3750E-03
-806.0000E-03,+81.2500E-03,+47.5000E-03,+459.3750E-03
-805.5000E-03,+65.6250E-03,+41.2500E-03,+459.3750E-03
-805.0000E-03,+96.8750E-03,+41.2500E-03,+475.0000E-03
-804.5000E-03,+112.5000E-03,+60.0000E-03,+459.3750E-03
-804.0000E-03,+128.1250E-03,+47.5000E-03,+459.3750E-03
-803.5000E-03,+112.5000E-03,+35.0000E-03,+475.0000E-03
-803.0000E-03,+143.7500E-03,+41.2500E-03,+475.0000E-03
-802.5000E-03,+128.1250E-03,+41.2500E-03,+475.0000E-03
-802.0000E-03,+143.7500E-03,+35.0000E-03,+475.0000E-03
-801.5000E-03,+128.1250E-03,+41.2500E-03,+475.0000E-03
-801.0000E-03,+143.7500E-03,+47.5000E-03,+459.3750E-03
-800.5000E-03,+143.7500E-03,+53.7500E-03,+475.0000E-03
-800.0000E-03,+175.0000E-03,+35.0000E-03,+443.7500E-03
-799.5000E-03,+190.6250E-03,+47.5000E-03,+459.3750E-03
-799.0000E-03,+159.3750E-03,+47.5000E-03,+443.7500E-03
-798.5000E-03,+190.6250E-03,+47.5000E-03,+459.3750E-03
-798.0000E-03,+190.6250E-03,+35.0000E-03,+475.0000E-03
-797.5000E-03,+190.6250E-03,+47.5000E-03,+443.7500E-03
-797.0000E-03,+190.6250E-03,+47.5000E-03,+459.3750E-03
-796.5000E-03,+237.5000E-03,+41.2500E-03,+459.3750E-03
-796.0000E-03,+237.5000E-03,+35.0000E-03,+459.3750E-03
-795.5000E-03,+284.3750E-03,+41.2500E-03,+490.6250E-03
-795.0000E-03,+346.8750E-03,+41.2500E-03,+475.0000E-03
-794.5000E-03,+34.3750E-03,+41.2500E-03,+428.1250E-03
-794.0000E-03,+18.7500E-03,+41.2500E-03,+490.6250E-03
-793.5000E-03,+3.1250E-03,+41.2500E-03,+490.6250E-03
-793.0000E-03,+34.3750E-03,+47.5000E-03,+475.0000E-03
-792.5000E-03,+18.7500E-03,+41.2500E-03,+459.3750E-03
-792.0000E-03,+34.3750E-03,+41.2500E-03,+475.0000E-03
-791.5000E-03,-12.5000E-03,+41.2500E-03,+475.0000E-03
-791.0000E-03,-12.5000E-03,+41.2500E-03,+475.0000E-03
-790.5000E-03,+18.7500E-03,+53.7500E-03,+459.3750E-03
-790.0000E-03,+18.7500E-03,+47.5000E-03,+490.6250E-03
-789.5000E-03,+3.1250E-03,+47.5000E-03,+490.6250E-03
-789.0000E-03,+34.3750E-03,+41.2500E-03,+490.6250E-03
-788.5000E-03,+3.1250E-03,+41.2500E-03,+475.0000E-03
-788.0000E-03,+3.1250E-03,+60.0000E-03,+459.3750E-03
-787.5000E-03,+34.3750E-03,+41.2500E-03,+475.0000E-03
-787.0000E-03,+18.7500E-03,+47.5000E-03,+475.0000E-03
-786.5000E-03,+18.7500E-03,+47.5000E-03,+459.3750E-03
-786.0000E-03,+18.7500E-03,+47.5000E-03,+475.0000E-03
-785.5000E-03,+3.1250E-03,+41.2500E-03,+459.3750E-03
-785.0000E-03,+18.7500E-03,+47.5000E-03,+459.3750E-03
-784.5000E-03,+34.3750E-03,+35.0000E-03,+475.0000E-03
-784.0000E-03,+3.1250E-03,+41.2500E-03,+475.0000E-03
-783.5000E-03,+50.0000E-03,+35.0000E-03,+506.2500E-03
-783.0000E-03,+50.0000E-03,+35.0000E-03,+490.6250E-03
-782.5000E-03,+34.3750E-03,+47.5000E-03,+475.0000E-03
-782.0000E-03,+65.6250E-03,+47.5000E-03,+428.1250E-03
-781.5000E-03,+81.2500E-03,+47.5000E-03,+475.0000E-03
-781.0000E-03,+65.6250E-03,+41.2500E-03,+490.6250E-03
-780.5000E-03,+81.2500E-03,+41.2500E-03,+475.0000E-03
-780.0000E-03,+96.8750E-03,+41.2500E-03,+490.6250E-03
-779.5000E-03,+81.2500E-03,+41.2500E-03,+459.3750E-03
-779.0000E-03,+81.2500E-03,+41.2500E-03,+490.6250E-03
-778.5000E-03,+96.8750E-03,+35.0000E-03,+475.0000E-03
-778.0000E-03,+112.5000E-03,+41.2500E-03,+475.0000E-03
-777.5000E-03,+81.2500E-03,+41.2500E-03,+475.0000E-03
-777.0000E-03,+128.1250E-03,+47.5000E-03,+490.6250E-03
-776.5000E-03,+112.5000E-03,+53.7500E-03,+490.6250E-03
-776.0000E-03,+143.7500E-03,+41.2500E-03,+506.2500E-03
-775.5000E-03,+159.3750E-03,+41.2500E-03,+490.6250E-03
-775.0000E-03,+143.7500E-03,+47.5000E-03,+475.0000E-03
-774.5000E-03,+143.7500E-03,+41.2500E-03,+459.3750E-03
-774.0000E-03,+175.0000E-03,+41.2500E-03,+475.0000E-03
-773.5000E-03,+190.6250E-03,+47.5000E-03,+490.6250E-03
-773.0000E-03,+221.8750E-03,+41.2500E-03,+490.6250E-03
-772.5000E-03,+253.1250E-03,+47.5000E-03,+475.0000E-03
-772.0000E-03,+268.7500E-03,+41.2500E-03,+490.6250E-03
-771.5000E-03,+284.3750E-03,+35.0000E-03,+475.0000E-03
-771.0000E-03,+300.0000E-03,+41.2500E-03,+475.0000E-03
-770.5000E-03,+300.0000E-03,+53.7500E-03,+506.2500E-03
-770.0000E-03,+300.0000E-03,+41.2500E-03,+490.6250E-03
-769.5000E-03,+315.6250E-03,+47.5000E-03,+490.6250E-03
-769.0000E-03,+315.6250E-03,+47.5000E-03,+490.6250E-03
-768.5000E-03,+331.2500E-03,+47.5000E-03,+459.3750E-03
-768.0000E-03,+346.8750E-03,+41.2500E-03,+490.6250E-03
-767.5000E-03,+346.8750E-03,+47.5000E-03,+475.0000E-03
-767.0000E-03,+315.6250E-03,+47.5000E-03,+490.6250E-03
-766.5000E-03,+331.2500E-03,+35.0000E-03,+490.6250E-03
-766.0000E-03,+346.8750E-03,+35.0000E-03,+490.6250E-03
-765.5000E-03,+346.8750E-03,+41.2500E-03,+490.6250E-03
-765.0000E-03,+34.3750E-03,+41.2500E-03,+506.2500E-03
-764.5000E-03,+34.3750E-03,+41.2500E-03,+475.0000E-03
-764.0000E-03,+3.1250E-03,+41.2500E-03,+490.6250E-03
-763.5000E-03,+18.7500E-03,+47.5000E-03,+490.6250E-03
-763.0000E-03,+18.7500E-03,+47.5000E-03,+490.6250E-03
-762.5000E-03,+3.1250E-03,+41.2500E-03,+506.2500E-03
-762.0000E-03,+3.1250E-03,+35.0000E-03,+490.6250E-03
-761.5000E-03,+18.7500E-03,+53.7500E-03,+490.6250E-03
-761.0000E-03,+18.7500E-03,+47.5000E-03,+490.6250E-03
-760.5000E-03,+18.7500E-03,+41.2500E-03,+490.6250E-03
-760.0000E-03,-12.5000E-03,+47.5000E-03,+475.0000E-03
-759.5000E-03,+3.1250E-03,+47.5000E-03,+490.6250E-03
-759.0000E-03,+3.1250E-03,+41.2500E-03,+475.0000E-03
-758.5000E-03,+3.1250E-03,+47.5000E-03,+490.6250E-03
-758.0000E-03,-12.5000E-03,+47.5000E-03,+490.6250E-03
-757.5000E-03,+3.1250E-03,+41.2500E-03,+475.0000E-03
-757.0000E-03,+3.1250E-03,+47.5000E-03,+490.6250E-03
-756.5000E-03,+18.7500E-03,+41.2500E-03,+490.6250E-03
-756.0000E-03,+18.7500E-03,+47.5000E-03,+490.6250E-03
-755.5000E-03,+18.7500E-03,+41.2500E-03,+475.0000E-03
-755.0000E-03,+34.3750E-03,+47.5000E-03,+459.3750E-03
-754.5000E-03,+18.7500E-03,+47.5000E-03,+490.6250E-03
-754.0000E-03,+34.3750E-03,+35.0000E-03,+490.6250E-03
-753.5000E-03,+50.0000E-03,+47.5000E-03,+490.6250E-03
-753.0000E-03,+18.7500E-03,+41.2500E-03,+459.3750E-03
-752.5000E-03,+50.0000E-03,+41.2500E-03,+475.0000E-03
-752.0000E-03,+18.7500E-03,+47.5000E-03,+490.6250E-03
-751.5000E-03,+3.1250E-03,+41.2500E-03,+521.8750E-03
-751.0000E-03,+50.0000E-03,+35.0000E-03,+506.2500E-03
-750.5000E-03,+18.7500E-03,+41.2500E-03,+459.3750E-03
-750.0000E-03,+65.6250E-03,+41.2500E-03,+490.6250E-03
-749.5000E-03,+18.7500E-03,+47.5000E-03,+490.6250E-03
-749.0000E-03,+34.3750E-03,+47.5000E-03,+459.3750E-03
-748.5000E-03,+65.6250E-03,+41.2500E-03,+475.0000E-03
-748.0000E-03,+65.6250E-03,+41.2500E-03,+490.6250E-03
-747.5000E-03,+65.6250E-03,+41.2500E-03,+490.6250E-03
-747.0000E-03,+50.0000E-03,+47.5000E-03,+475.0000E-03
-746.5000E-03,+81.2500E-03,+41.2500E-03,+506.2500E-03
-746.0000E-03,+65.6250E-03,+53.7500E-03,+490.6250E-03
-745.5000E-03,+65.6250E-03,+41.2500E-03,+490.6250E-03
-745.0000E-03,+65.6250E-03,+47.5000E-03,+490.6250E-03
-744.5000E-03,+65.6250E-03,+47.5000E-03,+490.6250E-03
-744.0000E-03,+65.6250E-03,+35.0000E-03,+490.6250E-03
-743.5000E-03,+65.6250E-03,+41.2500E-03,+475.0000E-03
-743.0000E-03,+65.6250E-03,+41.2500E-03,+475.0000E-03
-742.5000E-03,+81.2500E-03,+41.2500E-03,+459.3750E-03
-742.0000E-03,+81.2500E-03,+47.5000E-03,+490.6250E-03
-741.5000E-03,+81.2500E-03,+41.2500E-03,+443.7500E-03
-741.0000E-03,+81.2500E-03,+41.2500E-03,+490.6250E-03
-740.5000E-03,+112.5000E-03,+41.2500E-03,+490.6250E-03
-740.0000E-03,+112.5000E-03,+53.7500E-03,+490.6250E-03
-739.5000E-03,+96.8750E-03,+41.2500E-03,+475.0000E-03
-739.0000E-03,+112.5000E-03,+47.5000E-03,+521.8750E-03
-738.5000E-03,+128.1250E-03,+47.5000E-03,+459.3750E-03
-738.0000E-03,+96.8750E-03,+53.7500E-03,+490.6250E-03
-737.5000E-03,+112.5000E-03,+47.5000E-03,+490.6250E-03
-737.0000E-03,+143.7500E-03,+41.2500E-03,+459.3750E-03
-736.5000E-03,+112.5000E-03,+47.5000E-03,+475.0000E-03
-736.0000E-03,+128.1250E-03,+41.2500E-03,+490.6250E-03
-735.5000E-03,+128.1250E-03,+35.0000E-03,+490.6250E-03
-735.0000E-03,+128.1250E-03,+47.5000E-03,+490.6250E-03
-734.5000E-03,+159.3750E-03,+41.2500E-03,+506.2500E-03
-734.0000E-03,+128.1250E-03,+47.5000E-03,+490.6250E-03
-733.5000E-03,+159.3750E-03,+41.2500E-03,+490.6250E-03
-733.0000E-03,+175.0000E-03,+41.2500E-03,+490.6250E-03
-732.5000E-03,+175.0000E-03,+47.5000E-03,+490.6250E-03
-732.0000E-03,+159.3750E-03,+47.5000E-03,+490.6250E-03
-731.5000E-03,+190.6250E-03,+47.5000E-03,+475.0000E-03
-731.0000E-03,+159.3750E-03,+41.2500E-03,+490.6250E-03
-730.5000E-03,+175.0000E-03,+35.0000E-03,+490.6250E-03
-730.0000E-03,+190.6250E-03,+47.5000E-03,+475.0000E-03
-729.5000E-03,+190.6250E-03,+47.5000E-03,+490.6250E-03
-729.0000E-03,+206.2500E-03,+53.7500E-03,+475.0000E-03
-728.5000E-03,+221.8750E-03,+41.2500E-03,+459.3750E-03
-728.0000E-03,+206.2500E-03,+41.2500E-03,+490.6250E-03
-727.5000E-03,+237.5000E-03,+35.0000E-03,+459.3750E-03
-727.0000E-03,+221.8750E-03,+41.2500E-03,+490.6250E-03
-726.5000E-03,+268.7500E-03,+47.5000E-03,+490.6250E-03
-726.0000E-03,+253.1250E-03,+41.2500E-03,+506.2500E-03
-725.5000E-03,+253.1250E-03,+47.5000E-03,+475.0000E-03
-725.0000E-03,+268.7500E-03,+35.0000E-03,+490.6250E-03
-724.5000E-03,+268.7500E-03,+41.2500E-03,+490.6250E-03
-724.0000E-03,+300.0000E-03,+47.5000E-03,+475.0000E-03
-723.5000E-03,+315.6250E-03,+35.0000E-03,+475.0000E-03
-723.0000E-03,+331.2500E-03,+47.5000E-03,+475.0000E-03
-722.5000E-03,+331.2500E-03,+41.2500E-03,+490.6250E-03
-722.0000E-03,+346.8750E-03,+41.2500E-03,+475.0000E-03
-721.5000E-03,+3.1250E-03,+41.2500E-03,+521.8750E-03
-721.0000E-03,+3.1250E-03,+41.2500E-03,+475.0000E-03
-720.5000E-03,+34.3750E-03,+41.2500E-03,+506.2500E-03
-720.0000E-03,+18.7500E-03,+85.0000E-03,+490.6250E-03
-719.5000E-03,+3.1250E-03,+91.2500E-03,+475.0000E-03
-719.0000E-03,+18.7500E-03,+35.0000E-03,+490.6250E-03
-718.5000E-03,+3.1250E-03,+35.0000E-03,+443.7500E-03
-718.0000E-03,+18.7500E-03,+35.0000E-03,+475.0000E-03
-717.5000E-03,+18.7500E-03,+41.2500E-03,+490.6250E-03
-717.0000E-03,-12.5000E-03,+47.5000E-03,+475.0000E-03
-716.5000E-03,+3.1250E-03,+35.0000E-03,+490.6250E-03
-716.0000E-03,+34.3750E-03,+41.2500E-03,+490.6250E-03
-715.5000E-03,+3.1250E-03,+47.5000E-03,+475.0000E-03
-715.0000E-03,-12.5000E-03,+41.2500E-03,+475.0000E-03
-714.5000E-03,+3.1250E-03,+53.7500E-03,+490.6250E-03
-714.0000E-03,+18.7500E-03,+47.5000E-03,+490.6250E-03
-713.5000E-03,+3.1250E-03,+41.2500E-03,+68.7500E-03
-713.0000E-03,+18.7500E-03,+41.2500E-03,+53.1250E-03
-712.5000E-03,+3.1250E-03,+47.5000E-03,+68.7500E-03
-712.0000E-03,+34.3750E-03,+41.2500E-03,+53.1250E-03
-711.5000E-03,+34.3750E-03,+47.5000E-03,+37.5000E-03
-711.0000E-03,+34.3750E-03,+53.7500E-03,+53.1250E-03
-710.5000E-03,+18.7500E-03,+47.5000E-03,+53.1250E-03
-710.0000E-03,+50.0000E-03,+41.2500E-03,+53.1250E-03
-709.5000E-03,+34.3750E-03,+41.2500E-03,+84.3750E-03
-709.0000E-03,+50.0000E-03,+47.5000E-03,+100.0000E-03
-708.5000E-03,+65.6250E-03,+47.5000E-03,+115.6250E-03
-708.0000E-03,+81.2500E-03,+47.5000E-03,+162.5000E-03
-707.5000E-03,+65.6250E-03,+47.5000E-03,+178.1250E-03
-707.0000E-03,+81.2500E-03,+47.5000E-03,+225.0000E-03
-706.5000E-03,+81.2500E-03,+41.2500E-03,+287.5000E-03
-706.0000E-03,+96.8750E-03,+47.5000E-03,+318.7500E-03
-705.5000E-03,+112.5000E-03,+47.5000E-03,+334.3750E-03
-705.0000E-03,+96.8750E-03,+41.2500E-03,+365.6250E-03
-704.5000E-03,+128.1250E-03,+41.2500E-03,+396.8750E-03
-704.0000E-03,+112.5000E-03,+47.5000E-03,+396.8750E-03
-703.5000E-03,+96.8750E-03,+47.5000E-03,+428.1250E-03
-703.0000E-03,+143.7500E-03,+47.5000E-03,+428.1250E-03
-702.5000E-03,+143.7500E-03,+41.2500E-03,+443.7500E-03
-702.0000E-03,+128.1250E-03,+41.2500E-03,+443.7500E-03
-701.5000E-03,+143.7500E-03,+47.5000E-03,+475.0000E-03
-701.0000E-03,+143.7500E-03,+35.0000E-03,+443.7500E-03
-700.5000E-03,+143.7500E-03,+35.0000E-03,+475.0000E-03
-700.0000E-03,+128.1250E-03,+47.5000E-03,+475.0000E-03
-699.5000E-03,+112.5000E-03,+53.7500E-03,+490.6250E-03
-699.0000E-03,+143.7500E-03,+47.5000E-03,+506.2500E-03
-698.5000E-03,+128.1250E-03,+41.2500E-03,+506.2500E-03
-698.0000E-03,+112.5000E-03,+47.5000E-03,+475.0000E-03
-697.5000E-03,+128.1250E-03,+41.2500E-03,+490.6250E-03
-697.0000E-03,+128.1250E-03,+41.2500E-03,+475.0000E-03
-696.5000E-03,+143.7500E-03,+41.2500E-03,+490.6250E-03
-696.0000E-03,+128.1250E-03,+47.5000E-03,+68.7500E-03
-695.5000E-03,+112.5000E-03,+41.2500E-03,+53.1250E-03
-695.0000E-03,+112.5000E-03,+41.2500E-03,+53.1250E-03
-694.5000E-03,+112.5000E-03,+47.5000E-03,+53.1250E-03
-694.0000E-03,+128.1250E-03,+41.2500E-03,+53.1250E-03
-693.5000E-03,+112.5000E-03,+47.5000E-03,+37.5000E-03
-693.0000E-03,+112.5000E-03,+41.2500E-03,+68.7500E-03
-692.5000E-03,+96.8750E-03,+53.7500E-03,+53.1250E-03
-692.0000E-03,+96.8750E-03,+47.5000E-03,+84.3750E-03
-691.5000E-03,+81.2500E-03,+41.2500E-03,+115.6250E-03
-691.0000E-03,+81.2500E-03,+47.5000E-03,+115.6250E-03
-690.5000E-03,+81.2500E-03,+41.2500E-03,+146.8750E-03
-690.0000E-03,+96.8750E-03,+47.5000E-03,+178.1250E-03
-689.5000E-03,+96.8750E-03,+41.2500E-03,+209.3750E-03
-689.0000E-03,+81.2500E-03,+35.0000E-03,+225.0000E-03
-688.5000E-03,+96.8750E-03,+41.2500E-03,+271.8750E-03
-688.0000E-03,+81.2500E-03,+53.7500E-03,+287.5000E-03
-687.5000E-03,+96.8750E-03,+47.5000E-03,+334.3750E-03
-687.0000E-03,+65.6250E-03,+47.5000E-03,+365.6250E-03
-686.5000E-03,+65.6250E-03,+47.5000E-03,+350.0000E-03
-686.0000E-03,+65.6250E-03,+35.0000E-03,+412.5000E-03
-685.5000E-03,+96.8750E-03,+41.2500E-03,+412.5000E-03
-685.0000E-03,+65.6250E-03,+35.0000E-03,+412.5000E-03
-684.5000E-03,+65.6250E-03,+47.5000E-03,+475.0000E-03
-684.0000E-03,+65.6250E-03,+47.5000E-03,+443.7500E-03
-683.5000E-03,+81.2500E-03,+35.0000E-03,+475.0000E-03
-683.0000E-03,+50.0000E-03,+41.2500E-03,+459.3750E-03
-682.5000E-03,+81.2500E-03,+47.5000E-03,+459.3750E-03
-682.0000E-03,+65.6250E-03,+41.2500E-03,+459.3750E-03
-681.5000E-03,+50.0000E-03,+47.5000E-03,+475.0000E-03
-681.0000E-03,+65.6250E-03,+41.2500E-03,+490.6250E-03
-680.5000E-03,+65.6250E-03,+41.2500E-03,+475.0000E-03
-680.0000E-03,+65.6250E-03,+47.5000E-03,+475.0000E-03
-679.5000E-03,+18.7500E-03,+53.7500E-03,+443.7500E-03
-679.0000E-03,+50.0000E-03,+35.0000E-03,+490.6250E-03
-678.5000E-03,+50.0000E-03,+41.2500E-03,+490.6250E-03
-678.0000E-03,+50.0000E-03,+47.5000E-03,+475.0000E-03
-677.5000E-03,+18.7500E-03,+47.5000E-03,+490.6250E-03
-677.0000E-03,+18.7500E-03,+47.5000E-03,+490.6250E-03
-676.5000E-03,+34.3750E-03,+47.5000E-03,+475.0000E-03
-676.0000E-03,+50.0000E-03,+47.5000E-03,+506.2500E-03
-675.5000E-03,+34.3750E-03,+47.5000E-03,+490.6250E-03
-675.0000E-03,+34.3750E-03,+35.0000E-03,+490.6250E-03
-674.5000E-03,+18.7500E-03,+41.2500E-03,+37.5000E-03
-674.0000E-03,+18.7500E-03,+47.5000E-03,+37.5000E-03
-673.5000E-03,+18.7500E-03,+47.5000E-03,+53.1250E-03
-673.0000E-03,+50.0000E-03,+47.5000E-03,+53.1250E-03
-672.5000E-03,+34.3750E-03,+47.5000E-03,+53.1250E-03
-672.0000E-03,+50.0000E-03,+47.5000E-03,+53.1250E-03
-671.5000E-03,+50.0000E-03,+47.5000E-03,+53.1250E-03
-671.0000E-03,+50.0000E-03,+47.5000E-03,+53.1250E-03
-670.5000E-03,+50.0000E-03,+53.7500E-03,+68.7500E-03
-670.0000E-03,+50.0000E-03,+41.2500E-03,+84.3750E-03
-669.5000E-03,+65.6250E-03,+47.5000E-03,+115.6250E-03
-669.0000E-03,+81.2500E-03,+35.0000E-03,+131.2500E-03
-668.5000E-03,+50.0000E-03,+41.2500E-03,+178.1250E-03
-668.0000E-03,+65.6250E-03,+41.2500E-03,+162.5000E-03
-667.5000E-03,+81.2500E-03,+47.5000E-03,+209.3750E-03
-667.0000E-03,+81.2500E-03,+47.5000E-03,+209.3750E-03
-666.5000E-03,+96.8750E-03,+35.0000E-03,+256.2500E-03
-666.0000E-03,+81.2500E-03,+47.5000E-03,+256.2500E-03
-665.5000E-03,+81.2500E-03,+47.5000E-03,+303.1250E-03
-665.0000E-03,+65.6250E-03,+35.0000E-03,+334.3750E-03
-664.5000E-03,+65.6250E-03,+41.2500E-03,+350.0000E-03
-664.0000E-03,+65.6250E-03,+41.2500E-03,+350.0000E-03
-663.5000E-03,+81.2500E-03,+35.0000E-03,+381.2500E-03
-663.0000E-03,+96.8750E-03,+41.2500E-03,+396.8750E-03
-662.5000E-03,+81.2500E-03,+41.2500E-03,+428.1250E-03
-662.0000E-03,+96.8750E-03,+41.2500E-03,+428.1250E-03
-661.5000E-03,+128.1250E-03,+41.2500E-03,+443.7500E-03
-661.0000E-03,+128.1250E-03,+47.5000E-03,+443.7500E-03
-660.5000E-03,+128.1250E-03,+41.2500E-03,+443.7500E-03
-660.0000E-03,+112.5000E-03,+41.2500E-03,+443.7500E-03
-659.5000E-03,+128.1250E-03,+41.2500E-03,+475.0000E-03
-659.0000E-03,+128.1250E-03,+47.5000E-03,+475.0000E-03
-658.5000E-03,+128.1250E-03,+41.2500E-03,+459.3750E-03
-658.0000E-03,+128.1250E-03,+47.5000E-03,+459.3750E-03
-657.5000E-03,+128.1250E-03,+41.2500E-03,+475.0000E-03
-657.0000E-03,+128.1250E-03,+47.5000E-03,+459.3750E-03
-656.5000E-03,+159.3750E-03,+53.7500E-03,+490.6250E-03
-656.0000E-03,+159.3750E-03,+53.7500E-03,+506.2500E-03
-655.5000E-03,+159.3750E-03,+41.2500E-03,+475.0000E-03
-655.0000E-03,+159.3750E-03,+47.5000E-03,+459.3750E-03
-654.5000E-03,+175.0000E-03,+47.5000E-03,+459.3750E-03
-654.0000E-03,+190.6250E-03,+47.5000E-03,+490.6250E-03
-653.5000E-03,+159.3750E-03,+41.2500E-03,+490.6250E-03
-653.0000E-03,+190.6250E-03,+53.7500E-03,+475.0000E-03
-652.5000E-03,+221.8750E-03,+47.5000E-03,+459.3750E-03
-652.0000E-03,+253.1250E-03,+41.2500E-03,+459.3750E-03
-651.5000E-03,+268.7500E-03,+53.7500E-03,+490.6250E-03
-651.0000E-03,+284.3750E-03,+35.0000E-03,+475.0000E-03
-650.5000E-03,+284.3750E-03,+41.2500E-03,+490.6250E-03
-650.0000E-03,+315.6250E-03,+47.5000E-03,+490.6250E-03
-649.5000E-03,+300.0000E-03,+47.5000E-03,+490.6250E-03
-649.0000E-03,+315.6250E-03,+47.5000E-03,+490.6250E-03
-648.5000E-03,+315.6250E-03,+53.7500E-03,+490.6250E-03
-648.0000E-03,+300.0000E-03,+53.7500E-03,+490.6250E-03
-647.5000E-03,+331.2500E-03,+41.2500E-03,+490.6250E-03
-647.0000E-03,+346.8750E-03,+47.5000E-03,+490.6250E-03
-646.5000E-03,+300.0000E-03,+41.2500E-03,+490.6250E-03
